#pragma once

const uint8_t Baloo2_Bold40pt7bBitmaps[] PROGMEM = {
  0x00, 0x01, 0x80, 0xFF, 0x87, 0xFF, 0x1F, 0xFE, 0x7F, 0xF9, 0xFF, 0xE7,
  0xFF, 0x9F, 0xFE, 0x7F, 0xF9, 0xFF, 0xE7, 0xFF, 0x9F, 0xFE, 0x7F, 0xF9,
  0xFF, 0xE7, 0xFF, 0x9F, 0xFE, 0x7F, 0xF9, 0xFF, 0xE7, 0xFF, 0x9F, 0xFE,
  0x7F, 0xF9, 0xFF, 0xE7, 0xFF, 0x9F, 0xFC, 0x3F, 0xF0, 0xFF, 0xC3, 0xFF,
  0x0F, 0xFC, 0x3F, 0xF0, 0xFF, 0xC3, 0xFF, 0x0F, 0xFC, 0x1F, 0xF0, 0x1F,
  0x00, 0x00, 0x00, 0x00, 0x00, 0x00, 0x00, 0x00, 0xFC, 0x07, 0xFC, 0x3F,
  0xF9, 0xFF, 0xE7, 0xFF, 0xFF, 0xFF, 0xFF, 0xFF, 0xFF, 0xF7, 0xFF, 0xDF,
  0xFE, 0x7F, 0xF8, 0xFF, 0xC0, 0xFE, 0x00, 0x04, 0x00, 0x18, 0x3F, 0xE0,
  0xFF, 0xBF, 0xF0, 0x7F, 0xFF, 0xFC, 0x3F, 0xFF, 0xFE, 0x1F, 0xFF, 0xFF,
  0x0F, 0xFF, 0xFF, 0x87, 0xFF, 0xFF, 0xC3, 0xFF, 0xFF, 0xE1, 0xFF, 0xFF,
  0xE0, 0xFF, 0xDF, 0xF0, 0x7F, 0xEF, 0xF8, 0x3F, 0xF7, 0xFC, 0x1F, 0xFB,
  0xFE, 0x0F, 0xFD, 0xFF, 0x07, 0xFC, 0xFF, 0x83, 0xFE, 0x7F, 0xC1, 0xFF,
  0x3F, 0xE0, 0xFF, 0x9F, 0xE0, 0x3F, 0xC7, 0xF0, 0x1F, 0xE0, 0x00, 0x01,
  0xFE, 0x00, 0x3F, 0x80, 0x00, 0x00, 0x7F, 0xC0, 0x1F, 0xF0, 0x00, 0x00,
  0x1F, 0xF0, 0x07, 0xFC, 0x00, 0x00, 0x07, 0xFC, 0x01, 0xFF, 0x80, 0x00,
  0x03, 0xFF, 0x00, 0x7F, 0xE0, 0x00, 0x00, 0xFF, 0xC0, 0x1F, 0xF8, 0x00,
  0x00, 0x3F, 0xF0, 0x0F, 0xFE, 0x00, 0x00, 0x0F, 0xFC, 0x03, 0xFF, 0x00,
  0x00, 0x03, 0xFF, 0x00, 0xFF, 0xC0, 0x00, 0x01, 0xFF, 0xC0, 0x3F, 0xF0,
  0x00, 0x00, 0x7F, 0xE0, 0x1F, 0xFC, 0x00, 0x7F, 0xFF, 0xFF, 0xFF, 0xFF,
  0xFE, 0x3F, 0xFF, 0xFF, 0xFF, 0xFF, 0xFF, 0x8F, 0xFF, 0xFF, 0xFF, 0xFF,
  0xFF, 0xE3, 0xFF, 0xFF, 0xFF, 0xFF, 0xFF, 0xFC, 0xFF, 0xFF, 0xFF, 0xFF,
  0xFF, 0xFF, 0x3F, 0xFF, 0xFF, 0xFF, 0xFF, 0xFF, 0x8F, 0xFF, 0xFF, 0xFF,
  0xFF, 0xFF, 0xE3, 0xFF, 0xFF, 0xFF, 0xFF, 0xFF, 0xF0, 0x00, 0x7F, 0xE0,
  0x0F, 0xFC, 0x00, 0x00, 0x1F, 0xF8, 0x07, 0xFF, 0x00, 0x00, 0x07, 0xFE,
  0x01, 0xFF, 0x80, 0x00, 0x01, 0xFF, 0x80, 0x7F, 0xE0, 0x00, 0x00, 0xFF,
  0xE0, 0x1F, 0xF8, 0x00, 0x00, 0x3F, 0xF0, 0x0F, 0xFE, 0x00, 0x00, 0x0F,
  0xFC, 0x03, 0xFF, 0x00, 0x00, 0x03, 0xFF, 0x00, 0xFF, 0xC0, 0x00, 0x01,
  0xFF, 0xC0, 0x3F, 0xF0, 0x00, 0x00, 0x7F, 0xE0, 0x0F, 0xFC, 0x00, 0x1F,
  0xFF, 0xFF, 0xFF, 0xFF, 0xFF, 0x8F, 0xFF, 0xFF, 0xFF, 0xFF, 0xFF, 0xE3,
  0xFF, 0xFF, 0xFF, 0xFF, 0xFF, 0xF8, 0xFF, 0xFF, 0xFF, 0xFF, 0xFF, 0xFE,
  0x3F, 0xFF, 0xFF, 0xFF, 0xFF, 0xFF, 0x8F, 0xFF, 0xFF, 0xFF, 0xFF, 0xFF,
  0xE3, 0xFF, 0xFF, 0xFF, 0xFF, 0xFF, 0xF8, 0xFF, 0xFF, 0xFF, 0xFF, 0xFF,
  0xFC, 0x00, 0x7F, 0xE0, 0x0F, 0xFC, 0x00, 0x00, 0x1F, 0xF8, 0x07, 0xFF,
  0x00, 0x00, 0x07, 0xFE, 0x01, 0xFF, 0x80, 0x00, 0x01, 0xFF, 0x80, 0x7F,
  0xE0, 0x00, 0x00, 0xFF, 0xE0, 0x1F, 0xF8, 0x00, 0x00, 0x3F, 0xF0, 0x07,
  0xFE, 0x00, 0x00, 0x0F, 0xFC, 0x01, 0xFF, 0x80, 0x00, 0x03, 0xFF, 0x00,
  0x7F, 0xC0, 0x00, 0x00, 0x7F, 0xC0, 0x1F, 0xF0, 0x00, 0x00, 0x1F, 0xF0,
  0x07, 0xFC, 0x00, 0x00, 0x03, 0xF8, 0x00, 0xFF, 0x00, 0x00, 0x00, 0x07,
  0xF8, 0x00, 0x00, 0x00, 0xFF, 0xC0, 0x00, 0x00, 0x0F, 0xFC, 0x00, 0x00,
  0x00, 0xFF, 0xE0, 0x00, 0x00, 0x0F, 0xFE, 0x00, 0x00, 0x00, 0xFF, 0xE0,
  0x00, 0x00, 0x0F, 0xFF, 0x00, 0x00, 0x07, 0xFF, 0xFF, 0x00, 0x01, 0xFF,
  0xFF, 0xFC, 0x00, 0x7F, 0xFF, 0xFF, 0xF0, 0x0F, 0xFF, 0xFF, 0xFF, 0x81,
  0xFF, 0xFF, 0xFF, 0xF8, 0x3F, 0xFF, 0xFF, 0xFF, 0xC7, 0xFF, 0xFF, 0xFF,
  0xFC, 0x7F, 0xFF, 0xFF, 0xFF, 0xC7, 0xFF, 0xFF, 0xFF, 0xFC, 0xFF, 0xFE,
  0x00, 0x7F, 0x8F, 0xFF, 0x80, 0x00, 0xF0, 0xFF, 0xF8, 0x00, 0x03, 0x0F,
  0xFF, 0x00, 0x00, 0x00, 0xFF, 0xF0, 0x00, 0x00, 0x0F, 0xFF, 0x00, 0x00,
  0x00, 0xFF, 0xF8, 0x00, 0x00, 0x0F, 0xFF, 0xC0, 0x00, 0x00, 0xFF, 0xFF,
  0x80, 0x00, 0x07, 0xFF, 0xFF, 0x00, 0x00, 0x7F, 0xFF, 0xFE, 0x00, 0x03,
  0xFF, 0xFF, 0xFC, 0x00, 0x3F, 0xFF, 0xFF, 0xF0, 0x01, 0xFF, 0xFF, 0xFF,
  0x80, 0x07, 0xFF, 0xFF, 0xFE, 0x00, 0x3F, 0xFF, 0xFF, 0xF0, 0x00, 0xFF,
  0xFF, 0xFF, 0x80, 0x03, 0xFF, 0xFF, 0xFC, 0x00, 0x07, 0xFF, 0xFF, 0xC0,
  0x00, 0x0F, 0xFF, 0xFE, 0x00, 0x00, 0x1F, 0xFF, 0xE0, 0x00, 0x00, 0x7F,
  0xFF, 0x00, 0x00, 0x01, 0xFF, 0xF0, 0x00, 0x00, 0x1F, 0xFF, 0x00, 0x00,
  0x00, 0xFF, 0xF0, 0x00, 0x00, 0x0F, 0xFF, 0x10, 0x00, 0x00, 0xFF, 0xF3,
  0x80, 0x00, 0x1F, 0xFF, 0x7E, 0x00, 0x01, 0xFF, 0xFF, 0xF8, 0x00, 0x7F,
  0xFF, 0xFF, 0xFE, 0x7F, 0xFF, 0xEF, 0xFF, 0xFF, 0xFF, 0xFE, 0xFF, 0xFF,
  0xFF, 0xFF, 0xCF, 0xFF, 0xFF, 0xFF, 0xFC, 0xFF, 0xFF, 0xFF, 0xFF, 0x87,
  0xFF, 0xFF, 0xFF, 0xF0, 0x3F, 0xFF, 0xFF, 0xFE, 0x01, 0xFF, 0xFF, 0xFF,
  0x80, 0x07, 0xFF, 0xFF, 0xE0, 0x00, 0x0F, 0xFF, 0xF0, 0x00, 0x00, 0x0F,
  0xFE, 0x00, 0x00, 0x00, 0xFF, 0xE0, 0x00, 0x00, 0x0F, 0xFE, 0x00, 0x00,
  0x00, 0x7F, 0xE0, 0x00, 0x00, 0x07, 0xFE, 0x00, 0x00, 0x00, 0x3F, 0xE0,
  0x00, 0x01, 0xFF, 0x80, 0x00, 0x01, 0xE0, 0x00, 0x07, 0xFF, 0xE0, 0x00,
  0x03, 0xF8, 0x00, 0x0F, 0xFF, 0xF0, 0x00, 0x03, 0xFC, 0x00, 0x1F, 0xFF,
  0xF8, 0x00, 0x07, 0xFC, 0x00, 0x3F, 0xFF, 0xFC, 0x00, 0x0F, 0xFC, 0x00,
  0x7F, 0xFF, 0xFE, 0x00, 0x0F, 0xFC, 0x00, 0x7F, 0xFF, 0xFE, 0x00, 0x1F,
  0xF8, 0x00, 0xFF, 0xC3, 0xFF, 0x00, 0x3F, 0xF0, 0x00, 0xFF, 0x81, 0xFF,
  0x00, 0x3F, 0xF0, 0x00, 0xFF, 0x81, 0xFF, 0x00, 0x7F, 0xE0, 0x00, 0xFF,
  0x00, 0xFF, 0x00, 0xFF, 0xC0, 0x00, 0xFF, 0x00, 0xFF, 0x00, 0xFF, 0xC0,
  0x00, 0xFF, 0x00, 0xFF, 0x01, 0xFF, 0x80, 0x00, 0xFF, 0x01, 0xFF, 0x03,
  0xFF, 0x00, 0x00, 0xFF, 0x81, 0xFF, 0x03, 0xFF, 0x00, 0x00, 0xFF, 0x81,
  0xFF, 0x07, 0xFE, 0x00, 0x00, 0xFF, 0xC3, 0xFE, 0x0F, 0xFC, 0x00, 0x00,
  0x7F, 0xFF, 0xFE, 0x0F, 0xFC, 0x00, 0x00, 0x7F, 0xFF, 0xFC, 0x1F, 0xF8,
  0x00, 0x00, 0x3F, 0xFF, 0xFC, 0x3F, 0xF0, 0x00, 0x00, 0x1F, 0xFF, 0xF8,
  0x7F, 0xF0, 0x00, 0x00, 0x0F, 0xFF, 0xF0, 0x7F, 0xE0, 0x00, 0x00, 0x03,
  0xFF, 0xC0, 0xFF, 0xC0, 0x00, 0x00, 0x00, 0xFF, 0x01, 0xFF, 0xC0, 0x00,
  0x00, 0x00, 0x00, 0x01, 0xFF, 0x80, 0x18, 0x00, 0x00, 0x00, 0x03, 0xFF,
  0x01, 0xFF, 0xC0, 0x00, 0x00, 0x07, 0xFF, 0x07, 0xFF, 0xF0, 0x00, 0x00,
  0x07, 0xFE, 0x1F, 0xFF, 0xF8, 0x00, 0x00, 0x0F, 0xFC, 0x1F, 0xFF, 0xFC,
  0x00, 0x00, 0x1F, 0xF8, 0x3F, 0xFF, 0xFC, 0x00, 0x00, 0x1F, 0xF8, 0x7F,
  0xFF, 0xFE, 0x00, 0x00, 0x3F, 0xF0, 0x7F, 0xFF, 0xFF, 0x00, 0x00, 0x7F,
  0xE0, 0xFF, 0xC3, 0xFF, 0x00, 0x00, 0x7F, 0xE0, 0xFF, 0x81, 0xFF, 0x00,
  0x00, 0xFF, 0xC0, 0xFF, 0x80, 0xFF, 0x00, 0x01, 0xFF, 0x80, 0xFF, 0x00,
  0xFF, 0x00, 0x01, 0xFF, 0x80, 0xFF, 0x00, 0xFF, 0x00, 0x03, 0xFF, 0x00,
  0xFF, 0x00, 0xFF, 0x00, 0x07, 0xFE, 0x00, 0xFF, 0x80, 0xFF, 0x00, 0x0F,
  0xFE, 0x00, 0xFF, 0x81, 0xFF, 0x00, 0x0F, 0xFC, 0x00, 0xFF, 0xC1, 0xFF,
  0x00, 0x1F, 0xF8, 0x00, 0x7F, 0xFF, 0xFF, 0x00, 0x1F, 0xF8, 0x00, 0x7F,
  0xFF, 0xFE, 0x00, 0x3F, 0xF0, 0x00, 0x3F, 0xFF, 0xFC, 0x00, 0x3F, 0xE0,
  0x00, 0x3F, 0xFF, 0xFC, 0x00, 0x3F, 0xE0, 0x00, 0x1F, 0xFF, 0xF8, 0x00,
  0x1F, 0xC0, 0x00, 0x07, 0xFF, 0xF0, 0x00, 0x0F, 0x80, 0x00, 0x01, 0xFF,
  0xC0, 0x00, 0x00, 0x80, 0x00, 0x00, 0x1C, 0x00, 0x00, 0x00, 0x7F, 0x00,
  0x00, 0x00, 0x00, 0x07, 0xFF, 0xC0, 0x00, 0x00, 0x00, 0x3F, 0xFF, 0xE0,
  0x00, 0x00, 0x00, 0xFF, 0xFF, 0xC0, 0x00, 0x00, 0x03, 0xFF, 0xFF, 0xC0,
  0x00, 0x00, 0x0F, 0xFF, 0xFF, 0x80, 0x00, 0x00, 0x3F, 0xFF, 0xFF, 0x00,
  0x00, 0x00, 0x7F, 0xFF, 0xFE, 0x00, 0x00, 0x01, 0xFF, 0xFF, 0xF8, 0x00,
  0x00, 0x03, 0xFF, 0xF0, 0xF0, 0x00, 0x00, 0x07, 0xFF, 0x80, 0x00, 0x00,
  0x00, 0x0F, 0xFE, 0x00, 0x00, 0x00, 0x00, 0x1F, 0xFC, 0x00, 0x00, 0x00,
  0x00, 0x3F, 0xF8, 0x00, 0x00, 0x00, 0x00, 0x7F, 0xF0, 0x00, 0x00, 0x00,
  0x00, 0xFF, 0xE0, 0x00, 0x00, 0x00, 0x00, 0xFF, 0xE0, 0x00, 0x00, 0x00,
  0x01, 0xFF, 0xE0, 0x00, 0x00, 0x00, 0x01, 0xFF, 0xE0, 0x00, 0x00, 0x00,
  0x01, 0xFF, 0xE0, 0x00, 0xFE, 0x00, 0x03, 0xFF, 0xE0, 0x03, 0xFE, 0x00,
  0x1F, 0xFF, 0xE0, 0x07, 0xFE, 0x00, 0xFF, 0xFF, 0xE0, 0x0F, 0xFC, 0x03,
  0xFF, 0xFF, 0xE0, 0x1F, 0xF8, 0x0F, 0xFF, 0xFF, 0xE0, 0x3F, 0xF0, 0x3F,
  0xFF, 0xFF, 0xE0, 0x7F, 0xE0, 0xFF, 0xFF, 0xFF, 0xE0, 0xFF, 0xC1, 0xFF,
  0xF7, 0xFF, 0xE1, 0xFF, 0x87, 0xFF, 0xC7, 0xFF, 0xE7, 0xFF, 0x0F, 0xFF,
  0x07, 0xFF, 0xEF, 0xFE, 0x1F, 0xFC, 0x07, 0xFF, 0xFF, 0xFC, 0x7F, 0xF0,
  0x07, 0xFF, 0xFF, 0xF0, 0xFF, 0xE0, 0x07, 0xFF, 0xFF, 0xE1, 0xFF, 0xC0,
  0x07, 0xFF, 0xFF, 0xC3, 0xFF, 0x80, 0x07, 0xFF, 0xFF, 0x87, 0xFF, 0x00,
  0x07, 0xFF, 0xFE, 0x0F, 0xFF, 0x00, 0x07, 0xFF, 0xFC, 0x1F, 0xFE, 0x00,
  0x07, 0xFF, 0xF0, 0x1F, 0xFE, 0x00, 0x07, 0xFF, 0xE0, 0x3F, 0xFE, 0x00,
  0x1F, 0xFF, 0xE0, 0x7F, 0xFE, 0x00, 0xFF, 0xFF, 0xE0, 0x7F, 0xFF, 0xFF,
  0xFF, 0xFF, 0xE0, 0xFF, 0xFF, 0xFF, 0xFF, 0xFF, 0xE0, 0xFF, 0xFF, 0xFF,
  0xFF, 0xFF, 0xE0, 0xFF, 0xFF, 0xFF, 0xFF, 0xFF, 0xE0, 0xFF, 0xFF, 0xFF,
  0xFF, 0xFF, 0xC0, 0xFF, 0xFF, 0xFF, 0xC7, 0xFF, 0x80, 0xFF, 0xFF, 0xFF,
  0x07, 0xFE, 0x00, 0x7F, 0xFF, 0xF0, 0x07, 0xF8, 0x00, 0x1F, 0xFF, 0x00,
  0x03, 0xE0, 0x06, 0x0F, 0xFB, 0xFF, 0xFF, 0xFF, 0xFF, 0xFF, 0xFF, 0xFF,
  0xFF, 0xFF, 0xFF, 0xFD, 0xFF, 0xBF, 0xF7, 0xFE, 0xFF, 0xDF, 0xFB, 0xFF,
  0x7F, 0xCF, 0xF9, 0xFF, 0x1F, 0xE0, 0x00, 0x3F, 0x00, 0x0F, 0xF0, 0x03,
  0xFF, 0x00, 0xFF, 0xF0, 0x3F, 0xFC, 0x0F, 0xFF, 0x01, 0xFF, 0xE0, 0x7F,
  0xF8, 0x0F, 0xFE, 0x03, 0xFF, 0xC0, 0x7F, 0xF8, 0x0F, 0xFE, 0x03, 0xFF,
  0xC0, 0x7F, 0xF0, 0x0F, 0xFE, 0x03, 0xFF, 0xC0, 0x7F, 0xF0, 0x0F, 0xFE,
  0x01, 0xFF, 0xC0, 0x7F, 0xF8, 0x0F, 0xFE, 0x01, 0xFF, 0xC0, 0x3F, 0xF8,
  0x07, 0xFF, 0x00, 0xFF, 0xE0, 0x1F, 0xFC, 0x03, 0xFF, 0x80, 0x7F, 0xF0,
  0x0F, 0xFE, 0x01, 0xFF, 0xC0, 0x3F, 0xF8, 0x07, 0xFF, 0x00, 0xFF, 0xE0,
  0x1F, 0xFC, 0x03, 0xFF, 0x80, 0x7F, 0xF0, 0x0F, 0xFE, 0x01, 0xFF, 0xC0,
  0x3F, 0xF8, 0x07, 0xFF, 0x00, 0xFF, 0xE0, 0x1F, 0xFC, 0x03, 0xFF, 0xC0,
  0x3F, 0xF8, 0x07, 0xFF, 0x00, 0xFF, 0xE0, 0x1F, 0xFE, 0x01, 0xFF, 0xC0,
  0x3F, 0xF8, 0x07, 0xFF, 0x80, 0x7F, 0xF0, 0x0F, 0xFE, 0x01, 0xFF, 0xE0,
  0x1F, 0xFC, 0x03, 0xFF, 0xC0, 0x3F, 0xFC, 0x07, 0xFF, 0x80, 0x7F, 0xF8,
  0x07, 0xFF, 0x80, 0xFF, 0xE0, 0x0F, 0xF8, 0x00, 0x7E, 0x00, 0x1F, 0x80,
  0x07, 0xF8, 0x01, 0xFF, 0x80, 0x7F, 0xF8, 0x07, 0xFF, 0x80, 0x7F, 0xF8,
  0x0F, 0xFF, 0x00, 0xFF, 0xF0, 0x1F, 0xFE, 0x01, 0xFF, 0xE0, 0x3F, 0xFC,
  0x03, 0xFF, 0x80, 0x7F, 0xF8, 0x07, 0xFF, 0x00, 0xFF, 0xE0, 0x1F, 0xFE,
  0x01, 0xFF, 0xC0, 0x3F, 0xF8, 0x07, 0xFF, 0x00, 0xFF, 0xE0, 0x1F, 0xFE,
  0x01, 0xFF, 0xC0, 0x3F, 0xF8, 0x07, 0xFF, 0x00, 0xFF, 0xE0, 0x1F, 0xFC,
  0x03, 0xFF, 0x80, 0x7F, 0xF0, 0x0F, 0xFE, 0x01, 0xFF, 0xC0, 0x3F, 0xF8,
  0x07, 0xFF, 0x00, 0xFF, 0xE0, 0x1F, 0xFC, 0x03, 0xFF, 0x80, 0x7F, 0xF0,
  0x0F, 0xFE, 0x01, 0xFF, 0xC0, 0x3F, 0xF8, 0x07, 0xFF, 0x00, 0xFF, 0xE0,
  0x1F, 0xFC, 0x07, 0xFF, 0x80, 0xFF, 0xE0, 0x1F, 0xFC, 0x03, 0xFF, 0x80,
  0xFF, 0xF0, 0x1F, 0xFC, 0x03, 0xFF, 0x80, 0xFF, 0xF0, 0x1F, 0xFC, 0x07,
  0xFF, 0x80, 0xFF, 0xF0, 0x1F, 0xFC, 0x07, 0xFF, 0x81, 0xFF, 0xE0, 0x3F,
  0xFC, 0x0F, 0xFF, 0x03, 0xFF, 0xC0, 0x3F, 0xF8, 0x03, 0xFE, 0x00, 0x3F,
  0x00, 0x00, 0x00, 0x38, 0x00, 0x01, 0xF8, 0x00, 0x03, 0xF8, 0x00, 0x07,
  0xF0, 0x00, 0x0F, 0xE0, 0x00, 0x1F, 0xC2, 0x0E, 0x3F, 0x9E, 0x7F, 0xFF,
  0xFE, 0xFF, 0xFF, 0xFF, 0xFF, 0xFF, 0xFF, 0xFF, 0xFF, 0xFF, 0xFF, 0xFF,
  0xEF, 0xFF, 0xFF, 0x83, 0xFF, 0xF8, 0x01, 0xFF, 0xF0, 0x07, 0xFF, 0xE0,
  0x1F, 0xFF, 0xE0, 0x3F, 0xFF, 0xE0, 0xFF, 0xBF, 0xC1, 0xFE, 0x7F, 0xC3,
  0xFC, 0x7F, 0x83, 0xF0, 0x7E, 0x03, 0xC0, 0x78, 0x00, 0x00, 0x00, 0xF0,
  0x00, 0x00, 0x00, 0x3F, 0xF0, 0x00, 0x00, 0x01, 0xFF, 0x80, 0x00, 0x00,
  0x0F, 0xFE, 0x00, 0x00, 0x00, 0x7F, 0xF0, 0x00, 0x00, 0x03, 0xFF, 0x80,
  0x00, 0x00, 0x1F, 0xFC, 0x00, 0x00, 0x00, 0xFF, 0xE0, 0x00, 0x00, 0x07,
  0xFF, 0x00, 0x00, 0x00, 0x3F, 0xF8, 0x00, 0x00, 0x01, 0xFF, 0xC0, 0x00,
  0x00, 0x0F, 0xFE, 0x00, 0x00, 0x00, 0x7F, 0xF0, 0x00, 0x00, 0x03, 0xFF,
  0x80, 0x00, 0x00, 0x1F, 0xFC, 0x00, 0x0F, 0xFF, 0xFF, 0xFF, 0xFE, 0xFF,
  0xFF, 0xFF, 0xFF, 0xFF, 0xFF, 0xFF, 0xFF, 0xFF, 0xFF, 0xFF, 0xFF, 0xFF,
  0xFF, 0xFF, 0xFF, 0xFF, 0xFF, 0xFF, 0xFF, 0xFF, 0xFF, 0xFF, 0xFF, 0xFF,
  0xFF, 0xFF, 0xFF, 0xFF, 0xFF, 0xFF, 0xFF, 0xCF, 0xFF, 0xFF, 0xFF, 0xF8,
  0x00, 0x07, 0xFF, 0x00, 0x00, 0x00, 0x3F, 0xF8, 0x00, 0x00, 0x01, 0xFF,
  0xC0, 0x00, 0x00, 0x0F, 0xFE, 0x00, 0x00, 0x00, 0x7F, 0xF0, 0x00, 0x00,
  0x03, 0xFF, 0x80, 0x00, 0x00, 0x1F, 0xFC, 0x00, 0x00, 0x00, 0xFF, 0xE0,
  0x00, 0x00, 0x07, 0xFF, 0x00, 0x00, 0x00, 0x3F, 0xF8, 0x00, 0x00, 0x01,
  0xFF, 0xC0, 0x00, 0x00, 0x0F, 0xFE, 0x00, 0x00, 0x00, 0x3F, 0xF0, 0x00,
  0x00, 0x00, 0xFF, 0x80, 0x00, 0x00, 0x30, 0x03, 0xFE, 0x07, 0xFF, 0x07,
  0xFF, 0x07, 0xFF, 0x0F, 0xFF, 0x0F, 0xFF, 0x0F, 0xFF, 0x0F, 0xFF, 0x1F,
  0xFF, 0x1F, 0xFE, 0x1F, 0xFE, 0x1F, 0xFE, 0x3F, 0xFC, 0x3F, 0xFC, 0x3F,
  0xF8, 0x7F, 0xF8, 0x7F, 0xF0, 0x7F, 0xF0, 0x7F, 0xE0, 0xFF, 0xC0, 0x3F,
  0x00, 0x1F, 0xFF, 0xF8, 0xFF, 0xFF, 0xFB, 0xFF, 0xFF, 0xF7, 0xFF, 0xFF,
  0xFF, 0xFF, 0xFF, 0xFF, 0xFF, 0xFF, 0xFF, 0xFF, 0xFF, 0x7F, 0xFF, 0xFE,
  0x7F, 0xFF, 0xF8, 0xFF, 0xFF, 0xC0, 0x02, 0x00, 0xFE, 0x1F, 0xF8, 0xFF,
  0xEF, 0xFF, 0xFF, 0xFF, 0xFF, 0xFF, 0xFF, 0xFF, 0xFF, 0xFF, 0xFF, 0xFE,
  0xFF, 0xE3, 0xFE, 0x0F, 0xE0, 0x00, 0x01, 0xFE, 0x00, 0x00, 0xFF, 0x80,
  0x00, 0xFF, 0xC0, 0x00, 0x7F, 0xE0, 0x00, 0x3F, 0xF8, 0x00, 0x1F, 0xF8,
  0x00, 0x1F, 0xFC, 0x00, 0x0F, 0xFE, 0x00, 0x07, 0xFF, 0x00, 0x07, 0xFF,
  0x80, 0x03, 0xFF, 0x80, 0x01, 0xFF, 0xC0, 0x00, 0xFF, 0xE0, 0x00, 0xFF,
  0xF0, 0x00, 0x7F, 0xF0, 0x00, 0x3F, 0xF8, 0x00, 0x1F, 0xFC, 0x00, 0x1F,
  0xFE, 0x00, 0x0F, 0xFE, 0x00, 0x07, 0xFF, 0x00, 0x07, 0xFF, 0x80, 0x03,
  0xFF, 0x80, 0x01, 0xFF, 0xC0, 0x00, 0xFF, 0xE0, 0x00, 0xFF, 0xF0, 0x00,
  0x7F, 0xF0, 0x00, 0x3F, 0xF8, 0x00, 0x1F, 0xFC, 0x00, 0x1F, 0xFE, 0x00,
  0x0F, 0xFE, 0x00, 0x07, 0xFF, 0x00, 0x07, 0xFF, 0x80, 0x03, 0xFF, 0x80,
  0x01, 0xFF, 0xC0, 0x00, 0xFF, 0xE0, 0x00, 0xFF, 0xF0, 0x00, 0x7F, 0xF0,
  0x00, 0x3F, 0xF8, 0x00, 0x1F, 0xFC, 0x00, 0x1F, 0xFE, 0x00, 0x0F, 0xFE,
  0x00, 0x07, 0xFF, 0x00, 0x07, 0xFF, 0x80, 0x03, 0xFF, 0x80, 0x01, 0xFF,
  0xC0, 0x00, 0xFF, 0xE0, 0x00, 0xFF, 0xF0, 0x00, 0x7F, 0xF0, 0x00, 0x3F,
  0xF8, 0x00, 0x1F, 0xFC, 0x00, 0x1F, 0xFE, 0x00, 0x0F, 0xFE, 0x00, 0x07,
  0xFF, 0x00, 0x07, 0xFF, 0x80, 0x03, 0xFF, 0xC0, 0x01, 0xFF, 0xC0, 0x00,
  0xFF, 0xE0, 0x00, 0x7F, 0xF0, 0x00, 0x3F, 0xF0, 0x00, 0x1F, 0xF8, 0x00,
  0x0F, 0xFC, 0x00, 0x07, 0xFE, 0x00, 0x01, 0xFE, 0x00, 0x00, 0x1C, 0x00,
  0x00, 0x00, 0x00, 0x7F, 0x00, 0x00, 0x00, 0x03, 0xFF, 0xF8, 0x00, 0x00,
  0x07, 0xFF, 0xFF, 0x00, 0x00, 0x0F, 0xFF, 0xFF, 0xE0, 0x00, 0x0F, 0xFF,
  0xFF, 0xF8, 0x00, 0x0F, 0xFF, 0xFF, 0xFE, 0x00, 0x0F, 0xFF, 0xFF, 0xFF,
  0x80, 0x0F, 0xFF, 0xFF, 0xFF, 0xE0, 0x0F, 0xFF, 0xFF, 0xFF, 0xF8, 0x07,
  0xFF, 0xFF, 0xFF, 0xFC, 0x07, 0xFF, 0xE0, 0x3F, 0xFF, 0x03, 0xFF, 0xE0,
  0x0F, 0xFF, 0x83, 0xFF, 0xE0, 0x03, 0xFF, 0xE1, 0xFF, 0xE0, 0x00, 0xFF,
  0xF0, 0xFF, 0xF0, 0x00, 0x7F, 0xF8, 0xFF, 0xF0, 0x00, 0x1F, 0xFE, 0x7F,
  0xF8, 0x00, 0x0F, 0xFF, 0x3F, 0xFC, 0x00, 0x07, 0xFF, 0x9F, 0xFC, 0x00,
  0x01, 0xFF, 0xDF, 0xFE, 0x00, 0x00, 0xFF, 0xFF, 0xFF, 0x00, 0x00, 0x7F,
  0xFF, 0xFF, 0x80, 0x00, 0x3F, 0xFF, 0xFF, 0xC0, 0x00, 0x1F, 0xFF, 0xFF,
  0xE0, 0x00, 0x0F, 0xFF, 0xFF, 0xF0, 0x00, 0x07, 0xFF, 0xFF, 0xF8, 0x00,
  0x03, 0xFF, 0xFF, 0xFC, 0x00, 0x01, 0xFF, 0xFF, 0xFE, 0x00, 0x00, 0xFF,
  0xFF, 0xFF, 0x00, 0x00, 0x7F, 0xFF, 0xFF, 0x80, 0x00, 0x3F, 0xFF, 0xFF,
  0xC0, 0x00, 0x1F, 0xFE, 0xFF, 0xE0, 0x00, 0x0F, 0xFF, 0x7F, 0xF0, 0x00,
  0x0F, 0xFF, 0x3F, 0xFC, 0x00, 0x07, 0xFF, 0x9F, 0xFE, 0x00, 0x03, 0xFF,
  0xCF, 0xFF, 0x00, 0x01, 0xFF, 0xE3, 0xFF, 0xC0, 0x01, 0xFF, 0xE1, 0xFF,
  0xE0, 0x00, 0xFF, 0xF0, 0xFF, 0xF8, 0x00, 0xFF, 0xF8, 0x3F, 0xFE, 0x00,
  0xFF, 0xF8, 0x1F, 0xFF, 0xC1, 0xFF, 0xFC, 0x07, 0xFF, 0xFF, 0xFF, 0xFC,
  0x01, 0xFF, 0xFF, 0xFF, 0xFC, 0x00, 0xFF, 0xFF, 0xFF, 0xFE, 0x00, 0x3F,
  0xFF, 0xFF, 0xFE, 0x00, 0x0F, 0xFF, 0xFF, 0xFE, 0x00, 0x01, 0xFF, 0xFF,
  0xFC, 0x00, 0x00, 0x7F, 0xFF, 0xFC, 0x00, 0x00, 0x0F, 0xFF, 0xF8, 0x00,
  0x00, 0x00, 0xFF, 0xE0, 0x00, 0x00, 0x00, 0x0F, 0xF0, 0x00, 0x7F, 0xF0,
  0x07, 0xFF, 0xF0, 0x7F, 0xFF, 0xF3, 0xFF, 0xFF, 0xEF, 0xFF, 0xFF, 0xFF,
  0xFF, 0xFF, 0xFF, 0xFF, 0xFF, 0xFF, 0xFF, 0xFF, 0xFF, 0xFF, 0xFF, 0xFF,
  0xFF, 0xFF, 0xFF, 0xFF, 0xF7, 0xF9, 0xFF, 0xE7, 0x83, 0xFF, 0xC0, 0x07,
  0xFF, 0x80, 0x0F, 0xFF, 0x00, 0x1F, 0xFE, 0x00, 0x3F, 0xFC, 0x00, 0x7F,
  0xF8, 0x00, 0xFF, 0xF0, 0x01, 0xFF, 0xE0, 0x03, 0xFF, 0xC0, 0x07, 0xFF,
  0x80, 0x0F, 0xFF, 0x00, 0x1F, 0xFE, 0x00, 0x3F, 0xFC, 0x00, 0x7F, 0xF8,
  0x00, 0xFF, 0xF0, 0x01, 0xFF, 0xE0, 0x03, 0xFF, 0xC0, 0x07, 0xFF, 0x80,
  0x0F, 0xFF, 0x00, 0x1F, 0xFE, 0x00, 0x3F, 0xFC, 0x00, 0x7F, 0xF8, 0x00,
  0xFF, 0xF0, 0x01, 0xFF, 0xE0, 0x03, 0xFF, 0xC0, 0x07, 0xFF, 0x80, 0x0F,
  0xFF, 0x00, 0x1F, 0xFE, 0x00, 0x3F, 0xFC, 0x00, 0x7F, 0xF8, 0x00, 0xFF,
  0xF0, 0x00, 0xFF, 0xE0, 0x01, 0xFF, 0xC0, 0x03, 0xFF, 0x80, 0x03, 0xFF,
  0x00, 0x00, 0x70, 0x00, 0x0F, 0xC0, 0x00, 0x00, 0x7F, 0xFF, 0xC0, 0x00,
  0x7F, 0xFF, 0xFC, 0x00, 0x3F, 0xFF, 0xFF, 0xC0, 0x1F, 0xFF, 0xFF, 0xF8,
  0x0F, 0xFF, 0xFF, 0xFF, 0x03, 0xFF, 0xFF, 0xFF, 0xE0, 0xFF, 0xFF, 0xFF,
  0xFC, 0x3F, 0xFF, 0xFF, 0xFF, 0x0F, 0xFF, 0xFF, 0xFF, 0xE3, 0xF8, 0x01,
  0xFF, 0xF8, 0x78, 0x00, 0x3F, 0xFE, 0x08, 0x00, 0x07, 0xFF, 0xC0, 0x00,
  0x00, 0xFF, 0xF0, 0x00, 0x00, 0x3F, 0xFC, 0x00, 0x00, 0x0F, 0xFF, 0x00,
  0x00, 0x03, 0xFF, 0xC0, 0x00, 0x01, 0xFF, 0xE0, 0x00, 0x00, 0x7F, 0xF8,
  0x00, 0x00, 0x3F, 0xFE, 0x00, 0x00, 0x0F, 0xFF, 0x00, 0x00, 0x07, 0xFF,
  0xC0, 0x00, 0x03, 0xFF, 0xF0, 0x00, 0x01, 0xFF, 0xF8, 0x00, 0x00, 0xFF,
  0xFC, 0x00, 0x00, 0x7F, 0xFE, 0x00, 0x00, 0x3F, 0xFF, 0x80, 0x00, 0x1F,
  0xFF, 0xC0, 0x00, 0x1F, 0xFF, 0xE0, 0x00, 0x0F, 0xFF, 0xF0, 0x00, 0x07,
  0xFF, 0xF0, 0x00, 0x03, 0xFF, 0xF8, 0x00, 0x01, 0xFF, 0xFC, 0x00, 0x00,
  0xFF, 0xFE, 0x00, 0x00, 0x7F, 0xFF, 0x00, 0x00, 0x3F, 0xFF, 0x80, 0x00,
  0x3F, 0xFF, 0x80, 0x00, 0x0F, 0xFF, 0xC0, 0x00, 0x07, 0xFF, 0xE0, 0x00,
  0x03, 0xFF, 0xF0, 0x00, 0x00, 0xFF, 0xFF, 0xFF, 0xFF, 0xBF, 0xFF, 0xFF,
  0xFF, 0xFF, 0xFF, 0xFF, 0xFF, 0xFF, 0xFF, 0xFF, 0xFF, 0xFF, 0xFF, 0xFF,
  0xFF, 0xFF, 0xFF, 0xFF, 0xFF, 0xFF, 0xF7, 0xFF, 0xFF, 0xFF, 0xFD, 0xFF,
  0xFF, 0xFF, 0xFF, 0x3F, 0xFF, 0xFF, 0xFF, 0x00, 0x00, 0x1F, 0xF0, 0x00,
  0x00, 0x3F, 0xFF, 0xF0, 0x00, 0x1F, 0xFF, 0xFF, 0x80, 0x0F, 0xFF, 0xFF,
  0xFC, 0x03, 0xFF, 0xFF, 0xFF, 0xC0, 0x7F, 0xFF, 0xFF, 0xFC, 0x1F, 0xFF,
  0xFF, 0xFF, 0xC3, 0xFF, 0xFF, 0xFF, 0xF8, 0x7F, 0xFF, 0xFF, 0xFF, 0x87,
  0xFF, 0xFF, 0xFF, 0xF0, 0xFC, 0x00, 0x7F, 0xFF, 0x0E, 0x00, 0x03, 0xFF,
  0xE0, 0x00, 0x00, 0x3F, 0xFC, 0x00, 0x00, 0x07, 0xFF, 0x80, 0x00, 0x00,
  0xFF, 0xF0, 0x00, 0x00, 0x1F, 0xFE, 0x00, 0x00, 0x03, 0xFF, 0xC0, 0x00,
  0x00, 0x7F, 0xF0, 0x00, 0x00, 0x1F, 0xFE, 0x00, 0x00, 0x0F, 0xFF, 0x80,
  0x0F, 0xFF, 0xFF, 0xF0, 0x01, 0xFF, 0xFF, 0xFC, 0x00, 0x7F, 0xFF, 0xFF,
  0x00, 0x0F, 0xFF, 0xFF, 0x80, 0x01, 0xFF, 0xFF, 0xF0, 0x00, 0x3F, 0xFF,
  0xFF, 0x80, 0x07, 0xFF, 0xFF, 0xF8, 0x00, 0xFF, 0xFF, 0xFF, 0x80, 0x0F,
  0xFF, 0xFF, 0xF8, 0x00, 0x00, 0x3F, 0xFF, 0x80, 0x00, 0x01, 0xFF, 0xF0,
  0x00, 0x00, 0x1F, 0xFF, 0x00, 0x00, 0x01, 0xFF, 0xE0, 0x00, 0x00, 0x3F,
  0xFC, 0x00, 0x00, 0x07, 0xFF, 0x80, 0x00, 0x00, 0xFF, 0xF0, 0x00, 0x00,
  0x1F, 0xFE, 0x20, 0x00, 0x03, 0xFF, 0xCE, 0x00, 0x00, 0xFF, 0xFB, 0xF0,
  0x00, 0x3F, 0xFF, 0xFF, 0xE0, 0x3F, 0xFF, 0xDF, 0xFF, 0xFF, 0xFF, 0xFB,
  0xFF, 0xFF, 0xFF, 0xFE, 0x7F, 0xFF, 0xFF, 0xFF, 0xC7, 0xFF, 0xFF, 0xFF,
  0xF0, 0xFF, 0xFF, 0xFF, 0xFC, 0x0F, 0xFF, 0xFF, 0xFF, 0x00, 0xFF, 0xFF,
  0xFF, 0x80, 0x07, 0xFF, 0xFF, 0xC0, 0x00, 0x0F, 0xFF, 0xC0, 0x00, 0x00,
  0x00, 0x03, 0xFE, 0x00, 0x00, 0x00, 0x01, 0xFF, 0xF0, 0x00, 0x00, 0x00,
  0x3F, 0xFF, 0x00, 0x00, 0x00, 0x0F, 0xFF, 0xF0, 0x00, 0x00, 0x03, 0xFF,
  0xFE, 0x00, 0x00, 0x00, 0xFF, 0xFF, 0xC0, 0x00, 0x00, 0x1F, 0xFF, 0xF8,
  0x00, 0x00, 0x07, 0xFF, 0xFF, 0x00, 0x00, 0x01, 0xFF, 0xFF, 0xE0, 0x00,
  0x00, 0x7F, 0xFF, 0xFC, 0x00, 0x00, 0x0F, 0xFF, 0xFF, 0x80, 0x00, 0x03,
  0xFF, 0xFF, 0xF0, 0x00, 0x00, 0xFF, 0xEF, 0xFE, 0x00, 0x00, 0x3F, 0xFD,
  0xFF, 0xC0, 0x00, 0x07, 0xFF, 0x3F, 0xF8, 0x00, 0x01, 0xFF, 0xC7, 0xFF,
  0x00, 0x00, 0x7F, 0xF8, 0xFF, 0xE0, 0x00, 0x1F, 0xFE, 0x1F, 0xFC, 0x00,
  0x03, 0xFF, 0x83, 0xFF, 0x80, 0x00, 0xFF, 0xF0, 0x7F, 0xF0, 0x00, 0x3F,
  0xFC, 0x0F, 0xFE, 0x00, 0x0F, 0xFF, 0x01, 0xFF, 0xC0, 0x01, 0xFF, 0xE0,
  0x3F, 0xF8, 0x00, 0x7F, 0xF8, 0x07, 0xFF, 0x00, 0x1F, 0xFE, 0x00, 0xFF,
  0xE0, 0x07, 0xFF, 0xC0, 0x1F, 0xFC, 0x00, 0xFF, 0xF0, 0x03, 0xFF, 0x80,
  0x3F, 0xFC, 0x00, 0x7F, 0xF0, 0x07, 0xFF, 0x80, 0x0F, 0xFE, 0x00, 0xFF,
  0xFF, 0xFF, 0xFF, 0xFF, 0xBF, 0xFF, 0xFF, 0xFF, 0xFF, 0xF7, 0xFF, 0xFF,
  0xFF, 0xFF, 0xFF, 0xFF, 0xFF, 0xFF, 0xFF, 0xFF, 0xEF, 0xFF, 0xFF, 0xFF,
  0xFF, 0xFD, 0xFF, 0xFF, 0xFF, 0xFF, 0xFF, 0xBF, 0xFF, 0xFF, 0xFF, 0xFF,
  0xF3, 0xFF, 0xFF, 0xFF, 0xFF, 0xFC, 0x3F, 0xFF, 0xFF, 0xFF, 0xFF, 0x00,
  0x00, 0x00, 0x3F, 0xF8, 0x00, 0x00, 0x00, 0x07, 0xFF, 0x00, 0x00, 0x00,
  0x00, 0xFF, 0xE0, 0x00, 0x00, 0x00, 0x1F, 0xFC, 0x00, 0x00, 0x00, 0x03,
  0xFF, 0x80, 0x00, 0x00, 0x00, 0x7F, 0xF0, 0x00, 0x00, 0x00, 0x0F, 0xFE,
  0x00, 0x00, 0x00, 0x01, 0xFF, 0xC0, 0x00, 0x00, 0x00, 0x3F, 0xF8, 0x00,
  0x00, 0x00, 0x03, 0xFF, 0x00, 0x00, 0x00, 0x00, 0x0E, 0x00, 0x00, 0x00,
  0xFF, 0xFF, 0xFE, 0x00, 0xFF, 0xFF, 0xFF, 0xE0, 0x7F, 0xFF, 0xFF, 0xFC,
  0x0F, 0xFF, 0xFF, 0xFF, 0x83, 0xFF, 0xFF, 0xFF, 0xF8, 0x7F, 0xFF, 0xFF,
  0xFF, 0x0F, 0xFF, 0xFF, 0xFF, 0xC1, 0xFF, 0xFF, 0xFF, 0xF8, 0x3F, 0xFF,
  0xFF, 0xFF, 0x07, 0xFF, 0xFF, 0xFF, 0x80, 0xFF, 0xC0, 0x00, 0x00, 0x1F,
  0xF8, 0x00, 0x00, 0x07, 0xFF, 0x00, 0x00, 0x00, 0xFF, 0xE0, 0x00, 0x00,
  0x1F, 0xFC, 0x00, 0x00, 0x03, 0xFF, 0x80, 0x00, 0x00, 0x7F, 0xF0, 0x00,
  0x00, 0x0F, 0xFE, 0x00, 0x00, 0x01, 0xFF, 0xBF, 0xFE, 0x00, 0x3F, 0xFF,
  0xFF, 0xF8, 0x07, 0xFF, 0xFF, 0xFF, 0x80, 0xFF, 0xFF, 0xFF, 0xF8, 0x1F,
  0xFF, 0xFF, 0xFF, 0x83, 0xFF, 0xFF, 0xFF, 0xF8, 0x7F, 0xFF, 0xFF, 0xFF,
  0x87, 0xFF, 0xFF, 0xFF, 0xF0, 0x7F, 0xFF, 0xFF, 0xFF, 0x07, 0xF0, 0x07,
  0xFF, 0xE0, 0x18, 0x00, 0x7F, 0xFC, 0x00, 0x00, 0x07, 0xFF, 0xC0, 0x00,
  0x00, 0x7F, 0xF8, 0x00, 0x00, 0x0F, 0xFF, 0x00, 0x00, 0x01, 0xFF, 0xE0,
  0x00, 0x00, 0x3F, 0xFC, 0x00, 0x00, 0x07, 0xFF, 0x80, 0x00, 0x00, 0xFF,
  0xF3, 0x80, 0x00, 0x3F, 0xFC, 0xF8, 0x00, 0x0F, 0xFF, 0x9F, 0xC0, 0x03,
  0xFF, 0xF7, 0xFF, 0x01, 0xFF, 0xFE, 0xFF, 0xFF, 0xFF, 0xFF, 0x9F, 0xFF,
  0xFF, 0xFF, 0xF3, 0xFF, 0xFF, 0xFF, 0xFC, 0x7F, 0xFF, 0xFF, 0xFF, 0x07,
  0xFF, 0xFF, 0xFF, 0xC0, 0x7F, 0xFF, 0xFF, 0xF0, 0x07, 0xFF, 0xFF, 0xF8,
  0x00, 0x3F, 0xFF, 0xFC, 0x00, 0x00, 0x7F, 0xFC, 0x00, 0x00, 0x00, 0x00,
  0x1F, 0xC0, 0x00, 0x00, 0x0F, 0xFF, 0xF0, 0x00, 0x00, 0xFF, 0xFF, 0xF0,
  0x00, 0x0F, 0xFF, 0xFF, 0xE0, 0x00, 0x7F, 0xFF, 0xFF, 0xC0, 0x03, 0xFF,
  0xFF, 0xFF, 0x00, 0x3F, 0xFF, 0xFF, 0xFC, 0x00, 0xFF, 0xFF, 0xFF, 0xF0,
  0x07, 0xFF, 0xFF, 0xFF, 0xC0, 0x3F, 0xFF, 0xFF, 0xFF, 0x00, 0xFF, 0xFC,
  0x00, 0x78, 0x07, 0xFF, 0xE0, 0x00, 0x40, 0x1F, 0xFE, 0x00, 0x00, 0x00,
  0xFF, 0xF0, 0x00, 0x00, 0x03, 0xFF, 0xC0, 0x00, 0x00, 0x0F, 0xFE, 0x00,
  0x00, 0x00, 0x7F, 0xF8, 0x00, 0x00, 0x01, 0xFF, 0xC0, 0x00, 0x00, 0x07,
  0xFF, 0x07, 0xFF, 0x00, 0x1F, 0xFC, 0xFF, 0xFF, 0x00, 0xFF, 0xF7, 0xFF,
  0xFF, 0x03, 0xFF, 0xFF, 0xFF, 0xFE, 0x0F, 0xFF, 0xFF, 0xFF, 0xFC, 0x3F,
  0xFF, 0xFF, 0xFF, 0xF8, 0xFF, 0xFF, 0xFF, 0xFF, 0xF3, 0xFF, 0xFF, 0xFF,
  0xFF, 0xCF, 0xFF, 0xFF, 0xFF, 0xFF, 0xBF, 0xFF, 0xC0, 0x7F, 0xFE, 0xFF,
  0xFC, 0x00, 0xFF, 0xFB, 0xFF, 0xE0, 0x01, 0xFF, 0xEF, 0xFF, 0x00, 0x03,
  0xFF, 0xFF, 0xFC, 0x00, 0x0F, 0xFF, 0x7F, 0xF0, 0x00, 0x3F, 0xFD, 0xFF,
  0xC0, 0x00, 0xFF, 0xF7, 0xFF, 0x00, 0x03, 0xFF, 0xDF, 0xFE, 0x00, 0x0F,
  0xFF, 0x7F, 0xF8, 0x00, 0x3F, 0xFC, 0xFF, 0xF0, 0x01, 0xFF, 0xE3, 0xFF,
  0xC0, 0x07, 0xFF, 0x8F, 0xFF, 0x80, 0x3F, 0xFE, 0x1F, 0xFF, 0x83, 0xFF,
  0xF0, 0x7F, 0xFF, 0xFF, 0xFF, 0xC0, 0xFF, 0xFF, 0xFF, 0xFE, 0x01, 0xFF,
  0xFF, 0xFF, 0xF8, 0x03, 0xFF, 0xFF, 0xFF, 0xC0, 0x07, 0xFF, 0xFF, 0xFE,
  0x00, 0x0F, 0xFF, 0xFF, 0xF0, 0x00, 0x1F, 0xFF, 0xFF, 0x00, 0x00, 0x1F,
  0xFF, 0xF0, 0x00, 0x00, 0x0F, 0xFE, 0x00, 0x00, 0x1F, 0xFF, 0xFF, 0xFE,
  0x1F, 0xFF, 0xFF, 0xFF, 0xEF, 0xFF, 0xFF, 0xFF, 0xFB, 0xFF, 0xFF, 0xFF,
  0xFF, 0xFF, 0xFF, 0xFF, 0xFF, 0xFF, 0xFF, 0xFF, 0xFF, 0xFF, 0xFF, 0xFF,
  0xFF, 0xFF, 0xFF, 0xFF, 0xFF, 0xFF, 0xFF, 0xFF, 0xFF, 0xFF, 0xDF, 0xFF,
  0xFF, 0xFF, 0xF0, 0x00, 0x00, 0x7F, 0xF8, 0x00, 0x00, 0x1F, 0xFE, 0x00,
  0x00, 0x0F, 0xFF, 0x00, 0x00, 0x03, 0xFF, 0xC0, 0x00, 0x01, 0xFF, 0xF0,
  0x00, 0x00, 0x7F, 0xF8, 0x00, 0x00, 0x3F, 0xFE, 0x00, 0x00, 0x0F, 0xFF,
  0x00, 0x00, 0x07, 0xFF, 0xC0, 0x00, 0x01, 0xFF, 0xE0, 0x00, 0x00, 0xFF,
  0xF8, 0x00, 0x00, 0x3F, 0xFC, 0x00, 0x00, 0x1F, 0xFF, 0x00, 0x00, 0x07,
  0xFF, 0x80, 0x00, 0x03, 0xFF, 0xE0, 0x00, 0x00, 0xFF, 0xF8, 0x00, 0x00,
  0x7F, 0xFC, 0x00, 0x00, 0x1F, 0xFF, 0x00, 0x00, 0x0F, 0xFF, 0x80, 0x00,
  0x03, 0xFF, 0xE0, 0x00, 0x01, 0xFF, 0xF0, 0x00, 0x00, 0x7F, 0xFC, 0x00,
  0x00, 0x3F, 0xFE, 0x00, 0x00, 0x0F, 0xFF, 0x80, 0x00, 0x07, 0xFF, 0xE0,
  0x00, 0x01, 0xFF, 0xF0, 0x00, 0x00, 0xFF, 0xFC, 0x00, 0x00, 0x3F, 0xFE,
  0x00, 0x00, 0x1F, 0xFF, 0x80, 0x00, 0x07, 0xFF, 0xC0, 0x00, 0x01, 0xFF,
  0xF0, 0x00, 0x00, 0xFF, 0xF8, 0x00, 0x00, 0x3F, 0xFE, 0x00, 0x00, 0x0F,
  0xFF, 0x80, 0x00, 0x03, 0xFF, 0xC0, 0x00, 0x00, 0xFF, 0xF0, 0x00, 0x00,
  0x1F, 0xF8, 0x00, 0x00, 0x03, 0xFE, 0x00, 0x00, 0x00, 0x1F, 0x00, 0x00,
  0x00, 0x00, 0x03, 0xFF, 0x00, 0x00, 0x00, 0xFF, 0xFF, 0xC0, 0x00, 0x0F,
  0xFF, 0xFF, 0xC0, 0x00, 0x7F, 0xFF, 0xFF, 0xC0, 0x07, 0xFF, 0xFF, 0xFF,
  0x80, 0x3F, 0xFF, 0xFF, 0xFF, 0x01, 0xFF, 0xFF, 0xFF, 0xFE, 0x07, 0xFF,
  0xFF, 0xFF, 0xFC, 0x3F, 0xFF, 0xFF, 0xFF, 0xF0, 0xFF, 0xFC, 0x0F, 0xFF,
  0xE3, 0xFF, 0xC0, 0x0F, 0xFF, 0x9F, 0xFE, 0x00, 0x1F, 0xFE, 0x7F, 0xF8,
  0x00, 0x7F, 0xF9, 0xFF, 0xE0, 0x00, 0xFF, 0xE7, 0xFF, 0x80, 0x03, 0xFF,
  0x9F, 0xFE, 0x00, 0x0F, 0xFE, 0x7F, 0xF8, 0x00, 0x7F, 0xF8, 0xFF, 0xF0,
  0x01, 0xFF, 0xE3, 0xFF, 0xE0, 0x0F, 0xFF, 0x07, 0xFF, 0xC0, 0xFF, 0xFC,
  0x1F, 0xFF, 0xFF, 0xFF, 0xE0, 0x3F, 0xFF, 0xFF, 0xFF, 0x00, 0x7F, 0xFF,
  0xFF, 0xF8, 0x00, 0x7F, 0xFF, 0xFF, 0x80, 0x01, 0xFF, 0xFF, 0xFE, 0x00,
  0x1F, 0xFF, 0xFF, 0xFE, 0x00, 0xFF, 0xFF, 0xFF, 0xFC, 0x07, 0xFF, 0xFF,
  0xFF, 0xF8, 0x3F, 0xFF, 0x8F, 0xFF, 0xF0, 0xFF, 0xF8, 0x07, 0xFF, 0xE7,
  0xFF, 0xC0, 0x0F, 0xFF, 0x9F, 0xFE, 0x00, 0x1F, 0xFF, 0xFF, 0xF0, 0x00,
  0x3F, 0xFF, 0xFF, 0xC0, 0x00, 0x7F, 0xFF, 0xFF, 0x00, 0x01, 0xFF, 0xFF,
  0xFC, 0x00, 0x07, 0xFF, 0xFF, 0xF0, 0x00, 0x1F, 0xFF, 0xFF, 0xC0, 0x00,
  0xFF, 0xFF, 0xFF, 0x00, 0x03, 0xFF, 0xFF, 0xFE, 0x00, 0x1F, 0xFF, 0x7F,
  0xFE, 0x00, 0xFF, 0xFD, 0xFF, 0xFF, 0xFF, 0xFF, 0xE3, 0xFF, 0xFF, 0xFF,
  0xFF, 0x8F, 0xFF, 0xFF, 0xFF, 0xFC, 0x1F, 0xFF, 0xFF, 0xFF, 0xE0, 0x3F,
  0xFF, 0xFF, 0xFF, 0x00, 0x7F, 0xFF, 0xFF, 0xF8, 0x00, 0x7F, 0xFF, 0xFF,
  0xC0, 0x00, 0x7F, 0xFF, 0xFC, 0x00, 0x00, 0x3F, 0xFF, 0x00, 0x00, 0x00,
  0x01, 0xF8, 0x00, 0x00, 0x00, 0xFF, 0xFE, 0x00, 0x00, 0x0F, 0xFF, 0xFF,
  0x00, 0x00, 0x7F, 0xFF, 0xFE, 0x00, 0x07, 0xFF, 0xFF, 0xFC, 0x00, 0x3F,
  0xFF, 0xFF, 0xF8, 0x01, 0xFF, 0xFF, 0xFF, 0xF0, 0x07, 0xFF, 0xFF, 0xFF,
  0xE0, 0x3F, 0xFF, 0xFF, 0xFF, 0xC1, 0xFF, 0xFF, 0xFF, 0xFF, 0x07, 0xFF,
  0xC0, 0x3F, 0xFE, 0x1F, 0xFE, 0x00, 0x7F, 0xF8, 0xFF, 0xF0, 0x00, 0xFF,
  0xF3, 0xFF, 0xC0, 0x03, 0xFF, 0xCF, 0xFF, 0x00, 0x07, 0xFF, 0x3F, 0xF8,
  0x00, 0x1F, 0xFE, 0xFF, 0xE0, 0x00, 0x7F, 0xFB, 0xFF, 0x80, 0x01, 0xFF,
  0xEF, 0xFF, 0x00, 0x07, 0xFF, 0xBF, 0xFC, 0x00, 0x0F, 0xFE, 0xFF, 0xF0,
  0x00, 0x7F, 0xFB, 0xFF, 0xE0, 0x03, 0xFF, 0xE7, 0xFF, 0xE0, 0x1F, 0xFF,
  0x9F, 0xFF, 0xFF, 0xFF, 0xFF, 0x7F, 0xFF, 0xFF, 0xFF, 0xF8, 0xFF, 0xFF,
  0xFF, 0xFF, 0xE1, 0xFF, 0xFF, 0xFF, 0xFF, 0x87, 0xFF, 0xFF, 0xFF, 0xFE,
  0x0F, 0xFF, 0xFF, 0xFF, 0xF8, 0x0F, 0xFF, 0xFE, 0xFF, 0xE0, 0x1F, 0xFF,
  0xF3, 0xFF, 0x80, 0x0F, 0xFE, 0x0F, 0xFE, 0x00, 0x00, 0x00, 0x3F, 0xF8,
  0x00, 0x00, 0x01, 0xFF, 0xC0, 0x00, 0x00, 0x07, 0xFF, 0x00, 0x00, 0x00,
  0x3F, 0xFC, 0x00, 0x00, 0x00, 0xFF, 0xF0, 0x00, 0x00, 0x07, 0xFF, 0x80,
  0x00, 0x00, 0x3F, 0xFE, 0x03, 0x80, 0x03, 0xFF, 0xF0, 0x0F, 0xC0, 0x3F,
  0xFF, 0xC0, 0x7F, 0xFF, 0xFF, 0xFE, 0x01, 0xFF, 0xFF, 0xFF, 0xF0, 0x07,
  0xFF, 0xFF, 0xFF, 0xC0, 0x1F, 0xFF, 0xFF, 0xFE, 0x00, 0x7F, 0xFF, 0xFF,
  0xF0, 0x00, 0xFF, 0xFF, 0xFF, 0x00, 0x03, 0xFF, 0xFF, 0xF8, 0x00, 0x03,
  0xFF, 0xFF, 0x80, 0x00, 0x01, 0xFF, 0xE0, 0x00, 0x00, 0x07, 0x80, 0x7F,
  0x83, 0xFF, 0x1F, 0xFE, 0xFF, 0xFB, 0xFF, 0xEF, 0xFF, 0xFF, 0xFF, 0xFF,
  0xFF, 0xFF, 0xE7, 0xFF, 0x9F, 0xFC, 0x3F, 0xE0, 0x3F, 0x00, 0x00, 0x00,
  0x00, 0x00, 0x00, 0x00, 0x00, 0x00, 0x00, 0x00, 0x00, 0x00, 0x00, 0x00,
  0x00, 0x00, 0x00, 0x00, 0x00, 0x08, 0x01, 0xFC, 0x1F, 0xF8, 0x7F, 0xF3,
  0xFF, 0xEF, 0xFF, 0xBF, 0xFE, 0xFF, 0xFB, 0xFF, 0xEF, 0xFF, 0xBF, 0xFE,
  0x7F, 0xF0, 0xFF, 0x81, 0xFC, 0x00, 0x00, 0xF0, 0x01, 0xFE, 0x01, 0xFF,
  0x81, 0xFF, 0xE0, 0xFF, 0xF0, 0xFF, 0xFC, 0x7F, 0xFE, 0x3F, 0xFF, 0x1F,
  0xFF, 0x8F, 0xFF, 0x83, 0xFF, 0xC0, 0xFF, 0xC0, 0x7F, 0xC0, 0x0F, 0xC0,
  0x00, 0x00, 0x00, 0x00, 0x00, 0x00, 0x00, 0x00, 0x00, 0x00, 0x00, 0x00,
  0x00, 0x00, 0x00, 0x00, 0x00, 0x00, 0x00, 0x00, 0x00, 0x00, 0x00, 0x00,
  0x18, 0x00, 0xFF, 0x80, 0xFF, 0xE0, 0x7F, 0xF0, 0x3F, 0xFC, 0x1F, 0xFE,
  0x1F, 0xFF, 0x0F, 0xFF, 0x07, 0xFF, 0x83, 0xFF, 0xC3, 0xFF, 0xE1, 0xFF,
  0xE0, 0xFF, 0xF0, 0x7F, 0xF0, 0x7F, 0xF8, 0x3F, 0xF8, 0x1F, 0xFC, 0x1F,
  0xFC, 0x0F, 0xFE, 0x07, 0xFE, 0x07, 0xFE, 0x00, 0xFC, 0x00, 0x00, 0x00,
  0x00, 0x38, 0x00, 0x00, 0x00, 0x7F, 0x00, 0x00, 0x00, 0xFF, 0xC0, 0x00,
  0x01, 0xFF, 0xE0, 0x00, 0x03, 0xFF, 0xF0, 0x00, 0x07, 0xFF, 0xFC, 0x00,
  0x0F, 0xFF, 0xFE, 0x00, 0x1F, 0xFF, 0xFE, 0x00, 0x3F, 0xFF, 0xFF, 0x00,
  0x7F, 0xFF, 0xFF, 0x00, 0xFF, 0xFF, 0xFF, 0x01, 0xFF, 0xFF, 0xFF, 0x03,
  0xFF, 0xFF, 0xFE, 0x03, 0xFF, 0xFF, 0xF8, 0x01, 0xFF, 0xFF, 0xF0, 0x01,
  0xFF, 0xFF, 0xC0, 0x00, 0xFF, 0xFF, 0x80, 0x00, 0x7F, 0xFE, 0x00, 0x00,
  0x3F, 0xFC, 0x00, 0x00, 0x1F, 0xFE, 0x00, 0x00, 0x0F, 0xFF, 0xC0, 0x00,
  0x07, 0xFF, 0xF8, 0x00, 0x03, 0xFF, 0xFF, 0x00, 0x00, 0xFF, 0xFF, 0xE0,
  0x00, 0x7F, 0xFF, 0xFE, 0x00, 0x0F, 0xFF, 0xFF, 0xC0, 0x01, 0xFF, 0xFF,
  0xF8, 0x00, 0x3F, 0xFF, 0xFF, 0x00, 0x07, 0xFF, 0xFF, 0xE0, 0x00, 0xFF,
  0xFF, 0xFC, 0x00, 0x1F, 0xFF, 0xFE, 0x00, 0x03, 0xFF, 0xFF, 0x00, 0x00,
  0xFF, 0xFF, 0x80, 0x00, 0x1F, 0xFF, 0x80, 0x00, 0x03, 0xFF, 0xC0, 0x00,
  0x00, 0x7F, 0xC0, 0x00, 0x00, 0x0F, 0xC0, 0x3F, 0xFF, 0xFF, 0xFF, 0x9F,
  0xFF, 0xFF, 0xFF, 0xFF, 0xFF, 0xFF, 0xFF, 0xFF, 0xFF, 0xFF, 0xFF, 0xFF,
  0xFF, 0xFF, 0xFF, 0xFF, 0xFF, 0xFF, 0xFF, 0xFF, 0xFF, 0xFF, 0xFF, 0xFF,
  0xFF, 0xFF, 0xFF, 0xFF, 0xFF, 0x7F, 0xFF, 0xFF, 0xFF, 0x80, 0x00, 0x00,
  0x00, 0x00, 0x00, 0x00, 0x00, 0x00, 0x00, 0x00, 0x00, 0x00, 0x00, 0x00,
  0x00, 0x00, 0x00, 0x00, 0x00, 0x00, 0x00, 0x00, 0x00, 0x00, 0x00, 0x00,
  0x00, 0x00, 0x00, 0x0F, 0xFF, 0xFF, 0xFF, 0x9F, 0xFF, 0xFF, 0xFF, 0xEF,
  0xFF, 0xFF, 0xFF, 0xFF, 0xFF, 0xFF, 0xFF, 0xFF, 0xFF, 0xFF, 0xFF, 0xFF,
  0xFF, 0xFF, 0xFF, 0xFF, 0xFF, 0xFF, 0xFF, 0xFF, 0xFF, 0xFF, 0xFF, 0xFF,
  0xFF, 0xFF, 0xFF, 0xFF, 0xFF, 0x9F, 0xFF, 0xFF, 0xFF, 0x00, 0x0F, 0x00,
  0x00, 0x00, 0x1F, 0xE0, 0x00, 0x00, 0x1F, 0xFC, 0x00, 0x00, 0x0F, 0xFF,
  0x80, 0x00, 0x0F, 0xFF, 0xF0, 0x00, 0x07, 0xFF, 0xFE, 0x00, 0x03, 0xFF,
  0xFF, 0xC0, 0x01, 0xFF, 0xFF, 0xF8, 0x00, 0x7F, 0xFF, 0xFF, 0x00, 0x0F,
  0xFF, 0xFF, 0xE0, 0x01, 0xFF, 0xFF, 0xFC, 0x00, 0x1F, 0xFF, 0xFF, 0x80,
  0x03, 0xFF, 0xFF, 0xE0, 0x00, 0x7F, 0xFF, 0xF8, 0x00, 0x0F, 0xFF, 0xFC,
  0x00, 0x01, 0xFF, 0xFF, 0x00, 0x00, 0x3F, 0xFF, 0x80, 0x00, 0x07, 0xFF,
  0xC0, 0x00, 0x01, 0xFF, 0xE0, 0x00, 0x03, 0xFF, 0xF0, 0x00, 0x07, 0xFF,
  0xF8, 0x00, 0x1F, 0xFF, 0xFC, 0x00, 0x3F, 0xFF, 0xFC, 0x00, 0x7F, 0xFF,
  0xFE, 0x01, 0xFF, 0xFF, 0xFE, 0x03, 0xFF, 0xFF, 0xFC, 0x07, 0xFF, 0xFF,
  0xF8, 0x07, 0xFF, 0xFF, 0xF0, 0x07, 0xFF, 0xFF, 0xE0, 0x03, 0xFF, 0xFF,
  0xC0, 0x01, 0xFF, 0xFF, 0x80, 0x00, 0xFF, 0xFF, 0x00, 0x00, 0x7F, 0xFF,
  0x00, 0x00, 0x3F, 0xFE, 0x00, 0x00, 0x0F, 0xFC, 0x00, 0x00, 0x07, 0xF8,
  0x00, 0x00, 0x00, 0xF0, 0x00, 0x00, 0x00, 0x00, 0x03, 0x00, 0x00, 0x01,
  0xFF, 0xFF, 0x00, 0x03, 0xFF, 0xFF, 0xE0, 0x07, 0xFF, 0xFF, 0xFC, 0x07,
  0xFF, 0xFF, 0xFF, 0x87, 0xFF, 0xFF, 0xFF, 0xE3, 0xFF, 0xFF, 0xFF, 0xF1,
  0xFF, 0xFF, 0xFF, 0xFC, 0xFF, 0xFF, 0xFF, 0xFF, 0x7F, 0xFF, 0xFF, 0xFF,
  0x9F, 0xF0, 0x3F, 0xFF, 0xEF, 0x80, 0x03, 0xFF, 0xF3, 0x00, 0x00, 0xFF,
  0xF8, 0x00, 0x00, 0x3F, 0xFC, 0x00, 0x00, 0x1F, 0xFE, 0x00, 0x00, 0x0F,
  0xFF, 0x00, 0x00, 0x07, 0xFF, 0x80, 0x00, 0x03, 0xFF, 0xC0, 0x00, 0x03,
  0xFF, 0xE0, 0x00, 0x03, 0xFF, 0xF0, 0x00, 0x03, 0xFF, 0xF8, 0x00, 0x0F,
  0xFF, 0xF8, 0x00, 0x7F, 0xFF, 0xFC, 0x01, 0xFF, 0xFF, 0xFC, 0x03, 0xFF,
  0xFF, 0xFE, 0x03, 0xFF, 0xFF, 0xFE, 0x01, 0xFF, 0xFF, 0xFE, 0x00, 0xFF,
  0xFF, 0xFE, 0x00, 0x7F, 0xFF, 0xFC, 0x00, 0x3F, 0xFF, 0xF8, 0x00, 0x0F,
  0xFF, 0xF0, 0x00, 0x07, 0xFF, 0x80, 0x00, 0x01, 0xFC, 0x00, 0x00, 0x00,
  0x40, 0x00, 0x00, 0x00, 0x00, 0x00, 0x00, 0x00, 0x00, 0x00, 0x00, 0x00,
  0x00, 0x00, 0x00, 0x00, 0x00, 0x00, 0x00, 0x00, 0x00, 0xFC, 0x00, 0x00,
  0x01, 0xFF, 0x00, 0x00, 0x01, 0xFF, 0xC0, 0x00, 0x00, 0xFF, 0xF0, 0x00,
  0x00, 0xFF, 0xF8, 0x00, 0x00, 0x7F, 0xFE, 0x00, 0x00, 0x3F, 0xFF, 0x00,
  0x00, 0x1F, 0xFF, 0x80, 0x00, 0x0F, 0xFF, 0x80, 0x00, 0x03, 0xFF, 0xC0,
  0x00, 0x01, 0xFF, 0xE0, 0x00, 0x00, 0x7F, 0xE0, 0x00, 0x00, 0x1F, 0xC0,
  0x00, 0x00, 0x00, 0x00, 0x00, 0x00, 0x3F, 0xF0, 0x00, 0x00, 0x00, 0x00,
  0x00, 0x00, 0x01, 0xFF, 0xFF, 0xF8, 0x00, 0x00, 0x00, 0x00, 0x00, 0x03,
  0xFF, 0xFF, 0xFF, 0xF0, 0x00, 0x00, 0x00, 0x00, 0x01, 0xFF, 0xFF, 0xFF,
  0xFF, 0xC0, 0x00, 0x00, 0x00, 0x01, 0xFF, 0xFF, 0xFF, 0xFF, 0xFE, 0x00,
  0x00, 0x00, 0x00, 0xFF, 0xFF, 0xFF, 0xFF, 0xFF, 0xF0, 0x00, 0x00, 0x00,
  0x3F, 0xFF, 0xFF, 0xFF, 0xFF, 0xFF, 0x00, 0x00, 0x00, 0x1F, 0xFF, 0xFF,
  0xFF, 0xFF, 0xFF, 0xF8, 0x00, 0x00, 0x07, 0xFF, 0xFF, 0xFF, 0xFF, 0xFF,
  0xFF, 0x80, 0x00, 0x01, 0xFF, 0xFF, 0xF8, 0x01, 0xFF, 0xFF, 0xF8, 0x00,
  0x00, 0xFF, 0xFF, 0xE0, 0x00, 0x01, 0xFF, 0xFF, 0x80, 0x00, 0x3F, 0xFF,
  0xF0, 0x00, 0x00, 0x0F, 0xFF, 0xF8, 0x00, 0x0F, 0xFF, 0xF8, 0x00, 0x00,
  0x00, 0x7F, 0xFF, 0x80, 0x01, 0xFF, 0xFC, 0x00, 0x00, 0x00, 0x03, 0xFF,
  0xF8, 0x00, 0x7F, 0xFE, 0x00, 0x00, 0x00, 0x00, 0x3F, 0xFF, 0x00, 0x1F,
  0xFF, 0x80, 0x00, 0x00, 0x00, 0x03, 0xFF, 0xF0, 0x07, 0xFF, 0xE0, 0x00,
  0x00, 0x00, 0x00, 0x3F, 0xFE, 0x00, 0xFF, 0xF8, 0x00, 0x00, 0x00, 0x00,
  0x03, 0xFF, 0xE0, 0x3F, 0xFE, 0x00, 0x01, 0xFF, 0xF0, 0x00, 0x3F, 0xFC,
  0x07, 0xFF, 0x80, 0x01, 0xFF, 0xFF, 0xC0, 0x03, 0xFF, 0xC1, 0xFF, 0xF0,
  0x00, 0xFF, 0xFF, 0xFE, 0x00, 0x7F, 0xF8, 0x3F, 0xFC, 0x00, 0x3F, 0xFF,
  0xFF, 0xE0, 0x07, 0xFF, 0x8F, 0xFF, 0x00, 0x0F, 0xFF, 0xFF, 0xFF, 0x00,
  0xFF, 0xF1, 0xFF, 0xE0, 0x03, 0xFF, 0xFF, 0xFF, 0xE0, 0x0F, 0xFE, 0x3F,
  0xF8, 0x00, 0xFF, 0xFF, 0xFF, 0xFE, 0x01, 0xFF, 0xCF, 0xFF, 0x00, 0x3F,
  0xFF, 0xFF, 0xFF, 0xC0, 0x3F, 0xF9, 0xFF, 0xE0, 0x07, 0xFF, 0xFF, 0xFF,
  0xF8, 0x07, 0xFF, 0xBF, 0xF8, 0x01, 0xFF, 0xF8, 0x0F, 0xFF, 0x00, 0x7F,
  0xF7, 0xFF, 0x00, 0x3F, 0xFE, 0x00, 0xFF, 0xE0, 0x0F, 0xFF, 0xFF, 0xE0,
  0x0F, 0xFF, 0x80, 0x1F, 0xFC, 0x01, 0xFF, 0xFF, 0xFC, 0x01, 0xFF, 0xE0,
  0x07, 0xFF, 0x00, 0x3F, 0xFF, 0xFF, 0x00, 0x3F, 0xFC, 0x00, 0xFF, 0xE0,
  0x07, 0xFF, 0xFF, 0xE0, 0x0F, 0xFF, 0x00, 0x1F, 0xFC, 0x00, 0xFF, 0xFF,
  0xFC, 0x01, 0xFF, 0xE0, 0x03, 0xFF, 0x80, 0x1F, 0xFF, 0xFF, 0x80, 0x3F,
  0xFC, 0x00, 0x7F, 0xF0, 0x07, 0xFF, 0xFF, 0xF0, 0x07, 0xFF, 0x80, 0x0F,
  0xFE, 0x00, 0xFF, 0xFF, 0xFE, 0x00, 0xFF, 0xF0, 0x01, 0xFF, 0xC0, 0x1F,
  0xFD, 0xFF, 0xC0, 0x1F, 0xFE, 0x00, 0x3F, 0xF8, 0x03, 0xFF, 0xBF, 0xF8,
  0x03, 0xFF, 0xC0, 0x07, 0xFE, 0x00, 0xFF, 0xF7, 0xFF, 0x00, 0x7F, 0xF8,
  0x00, 0xFF, 0xC0, 0x1F, 0xFE, 0xFF, 0xE0, 0x0F, 0xFF, 0x80, 0x1F, 0xF8,
  0x07, 0xFF, 0x9F, 0xFC, 0x00, 0xFF, 0xF0, 0x07, 0xFF, 0x01, 0xFF, 0xF3,
  0xFF, 0xC0, 0x1F, 0xFF, 0x81, 0xFF, 0xE0, 0x7F, 0xFE, 0x3F, 0xF8, 0x03,
  0xFF, 0xFF, 0xFF, 0xFF, 0xFF, 0xFF, 0x87, 0xFF, 0x00, 0x3F, 0xFF, 0xFF,
  0xFF, 0xFF, 0xFF, 0xE0, 0xFF, 0xF0, 0x07, 0xFF, 0xFF, 0xFF, 0xFF, 0xFF,
  0xFC, 0x1F, 0xFE, 0x00, 0x7F, 0xFF, 0xFF, 0xFF, 0xFF, 0xFF, 0x01, 0xFF,
  0xC0, 0x07, 0xFF, 0xFF, 0xFF, 0xFF, 0xFF, 0xC0, 0x3F, 0xFC, 0x00, 0x7F,
  0xFF, 0xFF, 0xFF, 0xFF, 0xF0, 0x07, 0xFF, 0x80, 0x07, 0xFF, 0xFF, 0xFF,
  0xFF, 0xFC, 0x00, 0x7F, 0xF8, 0x00, 0x3F, 0xFF, 0xC7, 0xFF, 0xFE, 0x00,
  0x0F, 0xFF, 0x80, 0x00, 0xFF, 0xC0, 0x1F, 0xFE, 0x00, 0x00, 0xFF, 0xF8,
  0x00, 0x00, 0x00, 0x00, 0x00, 0x00, 0x00, 0x1F, 0xFF, 0x00, 0x00, 0x00,
  0x00, 0x00, 0x00, 0x00, 0x01, 0xFF, 0xF0, 0x00, 0x00, 0x00, 0x00, 0x00,
  0x00, 0x00, 0x3F, 0xFF, 0x80, 0x00, 0x00, 0x00, 0x00, 0x00, 0x00, 0x03,
  0xFF, 0xF8, 0x00, 0x00, 0x00, 0x00, 0x00, 0x00, 0x00, 0x3F, 0xFF, 0xC0,
  0x00, 0x00, 0x00, 0x00, 0x00, 0x00, 0x03, 0xFF, 0xFE, 0x00, 0x00, 0x00,
  0x00, 0x00, 0x00, 0x00, 0x3F, 0xFF, 0xF8, 0x00, 0x00, 0x00, 0x00, 0x00,
  0x00, 0x03, 0xFF, 0xFF, 0xFE, 0xFF, 0x80, 0x00, 0x00, 0x00, 0x00, 0x3F,
  0xFF, 0xFF, 0xFF, 0xF8, 0x00, 0x00, 0x00, 0x00, 0x03, 0xFF, 0xFF, 0xFF,
  0xFF, 0x00, 0x00, 0x00, 0x00, 0x00, 0x3F, 0xFF, 0xFF, 0xFF, 0xE0, 0x00,
  0x00, 0x00, 0x00, 0x01, 0xFF, 0xFF, 0xFF, 0xFC, 0x00, 0x00, 0x00, 0x00,
  0x00, 0x0F, 0xFF, 0xFF, 0xFF, 0x80, 0x00, 0x00, 0x00, 0x00, 0x00, 0x7F,
  0xFF, 0xFF, 0xF0, 0x00, 0x00, 0x00, 0x00, 0x00, 0x03, 0xFF, 0xFF, 0xFC,
  0x00, 0x00, 0x00, 0x00, 0x00, 0x00, 0x07, 0xFF, 0xFE, 0x00, 0x00, 0x00,
  0x00, 0x00, 0x00, 0x00, 0x07, 0xFC, 0x00, 0x00, 0x00, 0x00, 0x00, 0x00,
  0x00, 0x7F, 0xE0, 0x00, 0x00, 0x00, 0x1F, 0xFF, 0xE0, 0x00, 0x00, 0x00,
  0xFF, 0xFF, 0x80, 0x00, 0x00, 0x0F, 0xFF, 0xFE, 0x00, 0x00, 0x00, 0x7F,
  0xFF, 0xF0, 0x00, 0x00, 0x03, 0xFF, 0xFF, 0x80, 0x00, 0x00, 0x3F, 0xFF,
  0xFE, 0x00, 0x00, 0x01, 0xFF, 0xFF, 0xF0, 0x00, 0x00, 0x1F, 0xFF, 0xFF,
  0x80, 0x00, 0x00, 0xFF, 0xFF, 0xFE, 0x00, 0x00, 0x07, 0xFF, 0x7F, 0xF0,
  0x00, 0x00, 0x7F, 0xFB, 0xFF, 0x80, 0x00, 0x03, 0xFF, 0xDF, 0xFE, 0x00,
  0x00, 0x1F, 0xFC, 0x7F, 0xF0, 0x00, 0x01, 0xFF, 0xE3, 0xFF, 0x80, 0x00,
  0x0F, 0xFF, 0x1F, 0xFE, 0x00, 0x00, 0x7F, 0xF0, 0xFF, 0xF0, 0x00, 0x07,
  0xFF, 0x83, 0xFF, 0x80, 0x00, 0x3F, 0xF8, 0x1F, 0xFE, 0x00, 0x01, 0xFF,
  0xC0, 0xFF, 0xF0, 0x00, 0x1F, 0xFE, 0x03, 0xFF, 0x80, 0x00, 0xFF, 0xE0,
  0x1F, 0xFC, 0x00, 0x0F, 0xFF, 0x00, 0xFF, 0xF0, 0x00, 0x7F, 0xF8, 0x03,
  0xFF, 0x80, 0x03, 0xFF, 0xC0, 0x1F, 0xFC, 0x00, 0x3F, 0xFC, 0x00, 0xFF,
  0xF0, 0x01, 0xFF, 0xE0, 0x07, 0xFF, 0x80, 0x0F, 0xFF, 0x00, 0x1F, 0xFC,
  0x00, 0xFF, 0xFF, 0xFF, 0xFF, 0xF0, 0x07, 0xFF, 0xFF, 0xFF, 0xFF, 0x80,
  0x3F, 0xFF, 0xFF, 0xFF, 0xFC, 0x03, 0xFF, 0xFF, 0xFF, 0xFF, 0xE0, 0x1F,
  0xFF, 0xFF, 0xFF, 0xFF, 0x80, 0xFF, 0xFF, 0xFF, 0xFF, 0xFC, 0x0F, 0xFF,
  0xFF, 0xFF, 0xFF, 0xE0, 0x7F, 0xFF, 0xFF, 0xFF, 0xFF, 0x83, 0xFF, 0xFF,
  0xFF, 0xFF, 0xFC, 0x1F, 0xFE, 0x00, 0x01, 0xFF, 0xE1, 0xFF, 0xF0, 0x00,
  0x0F, 0xFF, 0x8F, 0xFF, 0x80, 0x00, 0x3F, 0xFC, 0x7F, 0xF8, 0x00, 0x01,
  0xFF, 0xE7, 0xFF, 0xC0, 0x00, 0x0F, 0xFF, 0x3F, 0xFE, 0x00, 0x00, 0x7F,
  0xFD, 0xFF, 0xF0, 0x00, 0x01, 0xFF, 0xEF, 0xFF, 0x00, 0x00, 0x0F, 0xFF,
  0x7F, 0xF8, 0x00, 0x00, 0x7F, 0xFD, 0xFF, 0xC0, 0x00, 0x01, 0xFF, 0xE7,
  0xFC, 0x00, 0x00, 0x07, 0xFE, 0x0F, 0x80, 0x00, 0x00, 0x0F, 0x80, 0x00,
  0x17, 0xFC, 0x00, 0x00, 0x1F, 0xFF, 0xFF, 0xC0, 0x00, 0xFF, 0xFF, 0xFF,
  0xF0, 0x07, 0xFF, 0xFF, 0xFF, 0xF8, 0x0F, 0xFF, 0xFF, 0xFF, 0xF8, 0x1F,
  0xFF, 0xFF, 0xFF, 0xF8, 0x3F, 0xFF, 0xFF, 0xFF, 0xF8, 0x7F, 0xFF, 0xFF,
  0xFF, 0xF8, 0xFF, 0xFF, 0xFF, 0xFF, 0xF1, 0xFF, 0xF8, 0x7F, 0xFF, 0xF3,
  0xFF, 0x80, 0x07, 0xFF, 0xE7, 0xFF, 0x00, 0x07, 0xFF, 0xCF, 0xFE, 0x00,
  0x07, 0xFF, 0x9F, 0xFC, 0x00, 0x0F, 0xFF, 0x3F, 0xF8, 0x00, 0x1F, 0xFE,
  0x7F, 0xF0, 0x00, 0x3F, 0xFC, 0xFF, 0xE0, 0x00, 0x7F, 0xF9, 0xFF, 0xC0,
  0x00, 0xFF, 0xF3, 0xFF, 0x80, 0x03, 0xFF, 0xC7, 0xFF, 0x00, 0x0F, 0xFF,
  0x8F, 0xFF, 0xFF, 0xFF, 0xFE, 0x1F, 0xFF, 0xFF, 0xFF, 0xF8, 0x3F, 0xFF,
  0xFF, 0xFF, 0xE0, 0x7F, 0xFF, 0xFF, 0xFF, 0x00, 0xFF, 0xFF, 0xFF, 0xFF,
  0x01, 0xFF, 0xFF, 0xFF, 0xFF, 0x83, 0xFF, 0xFF, 0xFF, 0xFF, 0x87, 0xFF,
  0xFF, 0xFF, 0xFF, 0x8F, 0xFF, 0xFF, 0xFF, 0xFF, 0x9F, 0xFC, 0x00, 0x3F,
  0xFF, 0xBF, 0xF8, 0x00, 0x1F, 0xFF, 0x7F, 0xF0, 0x00, 0x1F, 0xFE, 0xFF,
  0xE0, 0x00, 0x3F, 0xFF, 0xFF, 0xC0, 0x00, 0x3F, 0xFF, 0xFF, 0x80, 0x00,
  0x7F, 0xFF, 0xFF, 0x00, 0x00, 0xFF, 0xFF, 0xFE, 0x00, 0x03, 0xFF, 0xFF,
  0xFC, 0x00, 0x07, 0xFF, 0xFF, 0xF8, 0x00, 0x1F, 0xFF, 0xFF, 0xF0, 0x00,
  0x7F, 0xFE, 0xFF, 0xF0, 0x03, 0xFF, 0xFD, 0xFF, 0xFF, 0xFF, 0xFF, 0xFB,
  0xFF, 0xFF, 0xFF, 0xFF, 0xE7, 0xFF, 0xFF, 0xFF, 0xFF, 0xCF, 0xFF, 0xFF,
  0xFF, 0xFF, 0x1F, 0xFF, 0xFF, 0xFF, 0xFC, 0x1F, 0xFF, 0xFF, 0xFF, 0xE0,
  0x1F, 0xFF, 0xFF, 0xFF, 0x80, 0x0F, 0xFF, 0xFF, 0xF8, 0x00, 0x01, 0xFF,
  0xFF, 0x00, 0x00, 0x00, 0x00, 0x0F, 0xF8, 0x00, 0x00, 0x01, 0xFF, 0xFF,
  0x00, 0x00, 0x1F, 0xFF, 0xFF, 0x80, 0x00, 0xFF, 0xFF, 0xFF, 0xC0, 0x03,
  0xFF, 0xFF, 0xFF, 0xC0, 0x1F, 0xFF, 0xFF, 0xFF, 0xC0, 0x7F, 0xFF, 0xFF,
  0xFF, 0x81, 0xFF, 0xFF, 0xFF, 0xFF, 0x07, 0xFF, 0xFF, 0xFF, 0xFE, 0x0F,
  0xFF, 0xFF, 0xFF, 0xFC, 0x3F, 0xFF, 0xE0, 0x07, 0xF8, 0xFF, 0xFF, 0x00,
  0x03, 0xE1, 0xFF, 0xF8, 0x00, 0x01, 0x87, 0xFF, 0xE0, 0x00, 0x00, 0x0F,
  0xFF, 0x80, 0x00, 0x00, 0x1F, 0xFF, 0x00, 0x00, 0x00, 0x7F, 0xFC, 0x00,
  0x00, 0x00, 0xFF, 0xF8, 0x00, 0x00, 0x01, 0xFF, 0xE0, 0x00, 0x00, 0x03,
  0xFF, 0xC0, 0x00, 0x00, 0x0F, 0xFF, 0x80, 0x00, 0x00, 0x1F, 0xFF, 0x00,
  0x00, 0x00, 0x3F, 0xFE, 0x00, 0x00, 0x00, 0x7F, 0xF8, 0x00, 0x00, 0x00,
  0xFF, 0xF0, 0x00, 0x00, 0x01, 0xFF, 0xE0, 0x00, 0x00, 0x03, 0xFF, 0xC0,
  0x00, 0x00, 0x07, 0xFF, 0xC0, 0x00, 0x00, 0x0F, 0xFF, 0x80, 0x00, 0x00,
  0x1F, 0xFF, 0x00, 0x00, 0x00, 0x3F, 0xFE, 0x00, 0x00, 0x00, 0x3F, 0xFC,
  0x00, 0x00, 0x00, 0x7F, 0xFC, 0x00, 0x00, 0x00, 0xFF, 0xF8, 0x00, 0x00,
  0x01, 0xFF, 0xF8, 0x00, 0x00, 0x01, 0xFF, 0xF0, 0x00, 0x00, 0x03, 0xFF,
  0xF0, 0x00, 0x00, 0x07, 0xFF, 0xF0, 0x00, 0x00, 0x07, 0xFF, 0xF0, 0x00,
  0x07, 0x0F, 0xFF, 0xF8, 0x00, 0x3F, 0x0F, 0xFF, 0xFF, 0x8F, 0xFE, 0x0F,
  0xFF, 0xFF, 0xFF, 0xFC, 0x0F, 0xFF, 0xFF, 0xFF, 0xF8, 0x0F, 0xFF, 0xFF,
  0xFF, 0xF0, 0x0F, 0xFF, 0xFF, 0xFF, 0xE0, 0x0F, 0xFF, 0xFF, 0xFF, 0xC0,
  0x0F, 0xFF, 0xFF, 0xFF, 0x00, 0x07, 0xFF, 0xFF, 0xFC, 0x00, 0x03, 0xFF,
  0xFF, 0xE0, 0x00, 0x00, 0x7F, 0xFE, 0x00, 0x00, 0x1F, 0xF0, 0x00, 0x00,
  0x01, 0xFF, 0xFF, 0xF8, 0x00, 0x01, 0xFF, 0xFF, 0xFF, 0xE0, 0x00, 0x7F,
  0xFF, 0xFF, 0xFF, 0x00, 0x0F, 0xFF, 0xFF, 0xFF, 0xF8, 0x01, 0xFF, 0xFF,
  0xFF, 0xFF, 0x80, 0x3F, 0xFF, 0xFF, 0xFF, 0xFC, 0x07, 0xFF, 0xFF, 0xFF,
  0xFF, 0xC0, 0xFF, 0xFF, 0xFF, 0xFF, 0xF8, 0x1F, 0xFF, 0xFF, 0xFF, 0xFF,
  0x83, 0xFF, 0x80, 0x1F, 0xFF, 0xF8, 0x7F, 0xF0, 0x00, 0x7F, 0xFF, 0x8F,
  0xFE, 0x00, 0x07, 0xFF, 0xF1, 0xFF, 0xC0, 0x00, 0x7F, 0xFF, 0x3F, 0xF8,
  0x00, 0x07, 0xFF, 0xE7, 0xFF, 0x00, 0x00, 0x7F, 0xFC, 0xFF, 0xE0, 0x00,
  0x07, 0xFF, 0xDF, 0xFC, 0x00, 0x00, 0xFF, 0xFB, 0xFF, 0x80, 0x00, 0x0F,
  0xFF, 0x7F, 0xF0, 0x00, 0x01, 0xFF, 0xEF, 0xFE, 0x00, 0x00, 0x3F, 0xFF,
  0xFF, 0xC0, 0x00, 0x07, 0xFF, 0xFF, 0xF8, 0x00, 0x00, 0xFF, 0xFF, 0xFF,
  0x00, 0x00, 0x1F, 0xFF, 0xFF, 0xE0, 0x00, 0x03, 0xFF, 0xFF, 0xFC, 0x00,
  0x00, 0x7F, 0xFF, 0xFF, 0x80, 0x00, 0x0F, 0xFF, 0xFF, 0xF0, 0x00, 0x01,
  0xFF, 0xFF, 0xFE, 0x00, 0x00, 0x3F, 0xFF, 0xFF, 0xC0, 0x00, 0x07, 0xFF,
  0xFF, 0xF8, 0x00, 0x00, 0xFF, 0xF7, 0xFF, 0x00, 0x00, 0x1F, 0xFE, 0xFF,
  0xE0, 0x00, 0x07, 0xFF, 0xDF, 0xFC, 0x00, 0x00, 0xFF, 0xFB, 0xFF, 0x80,
  0x00, 0x3F, 0xFF, 0x7F, 0xF0, 0x00, 0x07, 0xFF, 0xCF, 0xFE, 0x00, 0x01,
  0xFF, 0xF9, 0xFF, 0xC0, 0x00, 0x7F, 0xFE, 0x3F, 0xF8, 0x00, 0x3F, 0xFF,
  0xC7, 0xFF, 0x00, 0x1F, 0xFF, 0xF0, 0xFF, 0xFF, 0xFF, 0xFF, 0xFE, 0x1F,
  0xFF, 0xFF, 0xFF, 0xFF, 0x83, 0xFF, 0xFF, 0xFF, 0xFF, 0xE0, 0x7F, 0xFF,
  0xFF, 0xFF, 0xF8, 0x0F, 0xFF, 0xFF, 0xFF, 0xFE, 0x01, 0xFF, 0xFF, 0xFF,
  0xFF, 0x80, 0x1F, 0xFF, 0xFF, 0xFF, 0xC0, 0x01, 0xFF, 0xFF, 0xFF, 0xE0,
  0x00, 0x0F, 0xFF, 0xFF, 0xF0, 0x00, 0x00, 0x1F, 0xFF, 0xE0, 0x00, 0x00,
  0x3F, 0xFF, 0xFF, 0xFF, 0x3F, 0xFF, 0xFF, 0xFF, 0xFF, 0xFF, 0xFF, 0xFF,
  0xFF, 0xFF, 0xFF, 0xFF, 0xFF, 0xFF, 0xFF, 0xFF, 0xFF, 0xFF, 0xFF, 0xFF,
  0xFF, 0xFF, 0xFF, 0xFF, 0xFF, 0xFF, 0xFF, 0xFF, 0xFE, 0xFF, 0xFF, 0xFF,
  0xFE, 0x7F, 0xF0, 0x00, 0x00, 0x3F, 0xF8, 0x00, 0x00, 0x1F, 0xFC, 0x00,
  0x00, 0x0F, 0xFE, 0x00, 0x00, 0x07, 0xFF, 0x00, 0x00, 0x03, 0xFF, 0x80,
  0x00, 0x01, 0xFF, 0xC0, 0x00, 0x00, 0xFF, 0xE0, 0x00, 0x00, 0x7F, 0xF0,
  0x00, 0x00, 0x3F, 0xFF, 0xFF, 0xFF, 0x1F, 0xFF, 0xFF, 0xFF, 0x8F, 0xFF,
  0xFF, 0xFF, 0xE7, 0xFF, 0xFF, 0xFF, 0xF3, 0xFF, 0xFF, 0xFF, 0xF9, 0xFF,
  0xFF, 0xFF, 0xFC, 0xFF, 0xFF, 0xFF, 0xFE, 0x7F, 0xFF, 0xFF, 0xFE, 0x3F,
  0xFF, 0xFF, 0xFF, 0x1F, 0xFF, 0xFF, 0xFC, 0x0F, 0xFE, 0x00, 0x00, 0x07,
  0xFF, 0x00, 0x00, 0x03, 0xFF, 0x80, 0x00, 0x01, 0xFF, 0xC0, 0x00, 0x00,
  0xFF, 0xE0, 0x00, 0x00, 0x7F, 0xF0, 0x00, 0x00, 0x3F, 0xF8, 0x00, 0x00,
  0x1F, 0xFC, 0x00, 0x00, 0x0F, 0xFE, 0x00, 0x00, 0x07, 0xFF, 0x00, 0x00,
  0x03, 0xFF, 0xFF, 0xFF, 0xFF, 0xFF, 0xFF, 0xFF, 0xFF, 0xFF, 0xFF, 0xFF,
  0xFF, 0xFF, 0xFF, 0xFF, 0xFF, 0xFF, 0xFF, 0xFF, 0xFF, 0xFF, 0xFF, 0xFF,
  0xFF, 0xF7, 0xFF, 0xFF, 0xFF, 0xFB, 0xFF, 0xFF, 0xFF, 0xFC, 0x7F, 0xFF,
  0xFF, 0xFC, 0x3F, 0xFF, 0xFF, 0xFF, 0x3F, 0xFF, 0xFF, 0xFF, 0xFF, 0xFF,
  0xFF, 0xFF, 0xFF, 0xFF, 0xFF, 0xFF, 0xFF, 0xFF, 0xFF, 0xFF, 0xFF, 0xFF,
  0xFF, 0xFF, 0xFF, 0xFF, 0xFF, 0xFF, 0xFF, 0xFF, 0xFF, 0xFF, 0xFE, 0xFF,
  0xFF, 0xFF, 0xFE, 0x7F, 0xF0, 0x00, 0x00, 0x3F, 0xF8, 0x00, 0x00, 0x1F,
  0xFC, 0x00, 0x00, 0x0F, 0xFE, 0x00, 0x00, 0x07, 0xFF, 0x00, 0x00, 0x03,
  0xFF, 0x80, 0x00, 0x01, 0xFF, 0xC0, 0x00, 0x00, 0xFF, 0xE0, 0x00, 0x00,
  0x7F, 0xF0, 0x00, 0x00, 0x3F, 0xF8, 0x00, 0x00, 0x1F, 0xFC, 0x00, 0x00,
  0x0F, 0xFF, 0xFF, 0xFF, 0xC7, 0xFF, 0xFF, 0xFF, 0xE3, 0xFF, 0xFF, 0xFF,
  0xF1, 0xFF, 0xFF, 0xFF, 0xFC, 0xFF, 0xFF, 0xFF, 0xFE, 0x7F, 0xFF, 0xFF,
  0xFF, 0x3F, 0xFF, 0xFF, 0xFF, 0x1F, 0xFF, 0xFF, 0xFF, 0x8F, 0xFF, 0xFF,
  0xFF, 0x87, 0xFF, 0x00, 0x00, 0x03, 0xFF, 0x80, 0x00, 0x01, 0xFF, 0xC0,
  0x00, 0x00, 0xFF, 0xE0, 0x00, 0x00, 0x7F, 0xF0, 0x00, 0x00, 0x3F, 0xF8,
  0x00, 0x00, 0x1F, 0xFC, 0x00, 0x00, 0x0F, 0xFE, 0x00, 0x00, 0x07, 0xFF,
  0x00, 0x00, 0x03, 0xFF, 0x80, 0x00, 0x01, 0xFF, 0xC0, 0x00, 0x00, 0xFF,
  0xE0, 0x00, 0x00, 0x7F, 0xF0, 0x00, 0x00, 0x3F, 0xF8, 0x00, 0x00, 0x1F,
  0xFC, 0x00, 0x00, 0x0F, 0xFE, 0x00, 0x00, 0x07, 0xFF, 0x00, 0x00, 0x01,
  0xFF, 0x80, 0x00, 0x00, 0x16, 0x00, 0x00, 0x00, 0x00, 0x00, 0x07, 0xFF,
  0x00, 0x00, 0x00, 0x07, 0xFF, 0xFF, 0x00, 0x00, 0x03, 0xFF, 0xFF, 0xFC,
  0x00, 0x00, 0xFF, 0xFF, 0xFF, 0xF0, 0x00, 0x3F, 0xFF, 0xFF, 0xFF, 0x80,
  0x07, 0xFF, 0xFF, 0xFF, 0xFC, 0x00, 0xFF, 0xFF, 0xFF, 0xFF, 0xC0, 0x1F,
  0xFF, 0xFF, 0xFF, 0xFC, 0x03, 0xFF, 0xFF, 0xFF, 0xFF, 0xC0, 0x7F, 0xFF,
  0xFF, 0xFF, 0xFC, 0x0F, 0xFF, 0xFE, 0x00, 0x7F, 0xC0, 0xFF, 0xFF, 0x00,
  0x00, 0xF8, 0x1F, 0xFF, 0xC0, 0x00, 0x03, 0x01, 0xFF, 0xF8, 0x00, 0x00,
  0x00, 0x3F, 0xFF, 0x00, 0x00, 0x00, 0x03, 0xFF, 0xE0, 0x00, 0x00, 0x00,
  0x7F, 0xFE, 0x00, 0x00, 0x00, 0x07, 0xFF, 0xC0, 0x00, 0x00, 0x00, 0x7F,
  0xFC, 0x00, 0x00, 0x00, 0x07, 0xFF, 0x80, 0x00, 0x00, 0x00, 0xFF, 0xF8,
  0x00, 0x00, 0x00, 0x0F, 0xFF, 0x80, 0x0F, 0xFF, 0xFC, 0xFF, 0xF8, 0x01,
  0xFF, 0xFF, 0xEF, 0xFF, 0x00, 0x1F, 0xFF, 0xFF, 0xFF, 0xF0, 0x03, 0xFF,
  0xFF, 0xFF, 0xFF, 0x00, 0x3F, 0xFF, 0xFF, 0xFF, 0xF0, 0x03, 0xFF, 0xFF,
  0xFF, 0xFF, 0x80, 0x1F, 0xFF, 0xFF, 0xFF, 0xF8, 0x01, 0xFF, 0xFF, 0xFF,
  0xFF, 0x80, 0x1F, 0xFF, 0xFF, 0xFF, 0xF8, 0x00, 0x00, 0x7F, 0xF7, 0xFF,
  0x80, 0x00, 0x07, 0xFF, 0x7F, 0xFC, 0x00, 0x00, 0x7F, 0xF7, 0xFF, 0xC0,
  0x00, 0x07, 0xFF, 0x7F, 0xFE, 0x00, 0x00, 0x7F, 0xF3, 0xFF, 0xE0, 0x00,
  0x07, 0xFF, 0x3F, 0xFF, 0x00, 0x00, 0x7F, 0xF3, 0xFF, 0xF8, 0x00, 0x07,
  0xFF, 0x1F, 0xFF, 0xC0, 0x00, 0x7F, 0xF0, 0xFF, 0xFF, 0x00, 0x07, 0xFF,
  0x0F, 0xFF, 0xFF, 0x87, 0xFF, 0xF0, 0x7F, 0xFF, 0xFF, 0xFF, 0xFF, 0x03,
  0xFF, 0xFF, 0xFF, 0xFF, 0xF0, 0x1F, 0xFF, 0xFF, 0xFF, 0xFF, 0x00, 0xFF,
  0xFF, 0xFF, 0xFF, 0xF0, 0x07, 0xFF, 0xFF, 0xFF, 0xFE, 0x00, 0x1F, 0xFF,
  0xFF, 0xFF, 0xC0, 0x00, 0x7F, 0xFF, 0xFF, 0xF0, 0x00, 0x01, 0xFF, 0xFF,
  0xFC, 0x00, 0x00, 0x01, 0xFF, 0xFC, 0x00, 0xFF, 0x80, 0x00, 0x07, 0xFC,
  0x7F, 0xF0, 0x00, 0x03, 0xFF, 0xBF, 0xF8, 0x00, 0x01, 0xFF, 0xDF, 0xFC,
  0x00, 0x00, 0xFF, 0xFF, 0xFE, 0x00, 0x00, 0x7F, 0xFF, 0xFF, 0x00, 0x00,
  0x3F, 0xFF, 0xFF, 0x80, 0x00, 0x1F, 0xFF, 0xFF, 0xC0, 0x00, 0x0F, 0xFF,
  0xFF, 0xE0, 0x00, 0x07, 0xFF, 0xFF, 0xF0, 0x00, 0x03, 0xFF, 0xFF, 0xF8,
  0x00, 0x01, 0xFF, 0xFF, 0xFC, 0x00, 0x00, 0xFF, 0xFF, 0xFE, 0x00, 0x00,
  0x7F, 0xFF, 0xFF, 0x00, 0x00, 0x3F, 0xFF, 0xFF, 0x80, 0x00, 0x1F, 0xFF,
  0xFF, 0xC0, 0x00, 0x0F, 0xFF, 0xFF, 0xE0, 0x00, 0x07, 0xFF, 0xFF, 0xF0,
  0x00, 0x03, 0xFF, 0xFF, 0xF8, 0x00, 0x01, 0xFF, 0xFF, 0xFF, 0xFF, 0xFF,
  0xFF, 0xFF, 0xFF, 0xFF, 0xFF, 0xFF, 0xFF, 0xFF, 0xFF, 0xFF, 0xFF, 0xFF,
  0xFF, 0xFF, 0xFF, 0xFF, 0xFF, 0xFF, 0xFF, 0xFF, 0xFF, 0xFF, 0xFF, 0xFF,
  0xFF, 0xFF, 0xFF, 0xFF, 0xFF, 0xFF, 0xFF, 0xFF, 0xFF, 0xFF, 0xFF, 0xFF,
  0xFF, 0xFF, 0xFF, 0xFF, 0xFF, 0xFF, 0xFF, 0xFF, 0xFF, 0xFF, 0xFF, 0xFF,
  0xFF, 0x00, 0x00, 0x3F, 0xFF, 0xFF, 0x80, 0x00, 0x1F, 0xFF, 0xFF, 0xC0,
  0x00, 0x0F, 0xFF, 0xFF, 0xE0, 0x00, 0x07, 0xFF, 0xFF, 0xF0, 0x00, 0x03,
  0xFF, 0xFF, 0xF8, 0x00, 0x01, 0xFF, 0xFF, 0xFC, 0x00, 0x00, 0xFF, 0xFF,
  0xFE, 0x00, 0x00, 0x7F, 0xFF, 0xFF, 0x00, 0x00, 0x3F, 0xFF, 0xFF, 0x80,
  0x00, 0x1F, 0xFF, 0xFF, 0xC0, 0x00, 0x0F, 0xFF, 0xFF, 0xE0, 0x00, 0x07,
  0xFF, 0xFF, 0xF0, 0x00, 0x03, 0xFF, 0xFF, 0xF8, 0x00, 0x01, 0xFF, 0xFF,
  0xFC, 0x00, 0x00, 0xFF, 0xFF, 0xFE, 0x00, 0x00, 0x7F, 0xFF, 0xFF, 0x00,
  0x00, 0x3F, 0xFF, 0xFF, 0x80, 0x00, 0x0F, 0xFE, 0xFF, 0xC0, 0x00, 0x07,
  0xFF, 0x0B, 0x00, 0x00, 0x00, 0x10, 0x00, 0xFF, 0x9F, 0xFF, 0xFF, 0xFF,
  0xFF, 0xFF, 0xFF, 0xFF, 0xFF, 0xFF, 0xFF, 0xFF, 0xFF, 0xFF, 0xFF, 0xFF,
  0xFF, 0xFF, 0xFF, 0xFF, 0xFF, 0xFF, 0xFF, 0xFF, 0xFF, 0xFF, 0xFF, 0xFF,
  0xFF, 0xFF, 0xFF, 0xFF, 0xFF, 0xFF, 0xFF, 0xFF, 0xFF, 0xFF, 0xFF, 0xFF,
  0xFF, 0xFF, 0xFF, 0xFF, 0xFF, 0xFF, 0xFF, 0xFF, 0xFF, 0xFF, 0xFF, 0xFF,
  0xFF, 0xFF, 0xFF, 0xFF, 0xFF, 0xFF, 0xFF, 0xFF, 0xFF, 0xFF, 0xFF, 0xFB,
  0xFF, 0x0B, 0x00, 0x00, 0x0F, 0xFC, 0x00, 0x0F, 0xFE, 0x00, 0x0F, 0xFF,
  0x00, 0x0F, 0xFF, 0x00, 0x0F, 0xFF, 0x00, 0x0F, 0xFF, 0x00, 0x0F, 0xFF,
  0x00, 0x0F, 0xFF, 0x00, 0x0F, 0xFF, 0x00, 0x0F, 0xFF, 0x00, 0x0F, 0xFF,
  0x00, 0x0F, 0xFF, 0x00, 0x0F, 0xFF, 0x00, 0x0F, 0xFF, 0x00, 0x0F, 0xFF,
  0x00, 0x0F, 0xFF, 0x00, 0x0F, 0xFF, 0x00, 0x0F, 0xFF, 0x00, 0x0F, 0xFF,
  0x00, 0x0F, 0xFF, 0x00, 0x0F, 0xFF, 0x00, 0x0F, 0xFF, 0x00, 0x0F, 0xFF,
  0x00, 0x0F, 0xFF, 0x00, 0x0F, 0xFF, 0x00, 0x0F, 0xFF, 0x00, 0x0F, 0xFF,
  0x00, 0x0F, 0xFF, 0x00, 0x0F, 0xFF, 0x00, 0x0F, 0xFF, 0x00, 0x0F, 0xFF,
  0x00, 0x0F, 0xFF, 0x00, 0x0F, 0xFF, 0x00, 0x0F, 0xFF, 0x00, 0x0F, 0xFF,
  0x00, 0x0F, 0xFF, 0x00, 0x0F, 0xFF, 0x00, 0x1F, 0xFF, 0x00, 0x3F, 0xFF,
  0x7F, 0xFF, 0xFF, 0xFF, 0xFF, 0xFE, 0xFF, 0xFF, 0xFE, 0xFF, 0xFF, 0xFE,
  0xFF, 0xFF, 0xFC, 0xFF, 0xFF, 0xF8, 0xFF, 0xFF, 0xF0, 0x7F, 0xFF, 0xE0,
  0x3F, 0xFF, 0x80, 0x0F, 0xFC, 0x00, 0xFF, 0x80, 0x00, 0x07, 0x80, 0xFF,
  0xE0, 0x00, 0x0F, 0xE0, 0xFF, 0xE0, 0x00, 0x1F, 0xF0, 0xFF, 0xE0, 0x00,
  0x3F, 0xF8, 0xFF, 0xE0, 0x00, 0x7F, 0xF8, 0xFF, 0xE0, 0x00, 0xFF, 0xFC,
  0xFF, 0xE0, 0x01, 0xFF, 0xFC, 0xFF, 0xE0, 0x03, 0xFF, 0xF8, 0xFF, 0xE0,
  0x03, 0xFF, 0xF8, 0xFF, 0xE0, 0x07, 0xFF, 0xF8, 0xFF, 0xE0, 0x0F, 0xFF,
  0xF0, 0xFF, 0xE0, 0x1F, 0xFF, 0xE0, 0xFF, 0xE0, 0x3F, 0xFF, 0xC0, 0xFF,
  0xE0, 0x7F, 0xFF, 0x80, 0xFF, 0xE0, 0xFF, 0xFF, 0x00, 0xFF, 0xE1, 0xFF,
  0xFE, 0x00, 0xFF, 0xE3, 0xFF, 0xFC, 0x00, 0xFF, 0xE3, 0xFF, 0xF8, 0x00,
  0xFF, 0xE7, 0xFF, 0xF0, 0x00, 0xFF, 0xEF, 0xFF, 0xE0, 0x00, 0xFF, 0xFF,
  0xFF, 0xC0, 0x00, 0xFF, 0xFF, 0xFF, 0x80, 0x00, 0xFF, 0xFF, 0xFF, 0x00,
  0x00, 0xFF, 0xFF, 0xFE, 0x00, 0x00, 0xFF, 0xFF, 0xFC, 0x00, 0x00, 0xFF,
  0xFF, 0xFE, 0x00, 0x00, 0xFF, 0xFF, 0xFF, 0x00, 0x00, 0xFF, 0xFF, 0xFF,
  0x80, 0x00, 0xFF, 0xFF, 0xFF, 0xC0, 0x00, 0xFF, 0xEF, 0xFF, 0xE0, 0x00,
  0xFF, 0xE7, 0xFF, 0xF0, 0x00, 0xFF, 0xE3, 0xFF, 0xF8, 0x00, 0xFF, 0xE1,
  0xFF, 0xFC, 0x00, 0xFF, 0xE0, 0xFF, 0xFE, 0x00, 0xFF, 0xE0, 0xFF, 0xFF,
  0x00, 0xFF, 0xE0, 0x7F, 0xFF, 0x80, 0xFF, 0xE0, 0x3F, 0xFF, 0xC0, 0xFF,
  0xE0, 0x1F, 0xFF, 0xE0, 0xFF, 0xE0, 0x0F, 0xFF, 0xF0, 0xFF, 0xE0, 0x07,
  0xFF, 0xF8, 0xFF, 0xE0, 0x03, 0xFF, 0xFC, 0xFF, 0xE0, 0x01, 0xFF, 0xFE,
  0xFF, 0xE0, 0x00, 0xFF, 0xFF, 0xFF, 0xE0, 0x00, 0xFF, 0xFE, 0xFF, 0xE0,
  0x00, 0x7F, 0xFE, 0xFF, 0xE0, 0x00, 0x3F, 0xFE, 0xFF, 0xE0, 0x00, 0x1F,
  0xFC, 0x7F, 0xE0, 0x00, 0x07, 0xF8, 0x07, 0x00, 0x00, 0x01, 0xE0, 0xFF,
  0x80, 0x00, 0x00, 0xFF, 0xE0, 0x00, 0x00, 0xFF, 0xE0, 0x00, 0x00, 0xFF,
  0xE0, 0x00, 0x00, 0xFF, 0xE0, 0x00, 0x00, 0xFF, 0xE0, 0x00, 0x00, 0xFF,
  0xE0, 0x00, 0x00, 0xFF, 0xE0, 0x00, 0x00, 0xFF, 0xE0, 0x00, 0x00, 0xFF,
  0xE0, 0x00, 0x00, 0xFF, 0xE0, 0x00, 0x00, 0xFF, 0xE0, 0x00, 0x00, 0xFF,
  0xE0, 0x00, 0x00, 0xFF, 0xE0, 0x00, 0x00, 0xFF, 0xE0, 0x00, 0x00, 0xFF,
  0xE0, 0x00, 0x00, 0xFF, 0xE0, 0x00, 0x00, 0xFF, 0xE0, 0x00, 0x00, 0xFF,
  0xE0, 0x00, 0x00, 0xFF, 0xE0, 0x00, 0x00, 0xFF, 0xE0, 0x00, 0x00, 0xFF,
  0xE0, 0x00, 0x00, 0xFF, 0xE0, 0x00, 0x00, 0xFF, 0xE0, 0x00, 0x00, 0xFF,
  0xE0, 0x00, 0x00, 0xFF, 0xE0, 0x00, 0x00, 0xFF, 0xE0, 0x00, 0x00, 0xFF,
  0xE0, 0x00, 0x00, 0xFF, 0xE0, 0x00, 0x00, 0xFF, 0xE0, 0x00, 0x00, 0xFF,
  0xE0, 0x00, 0x00, 0xFF, 0xE0, 0x00, 0x00, 0xFF, 0xE0, 0x00, 0x00, 0xFF,
  0xE0, 0x00, 0x00, 0xFF, 0xE0, 0x00, 0x00, 0xFF, 0xE0, 0x00, 0x00, 0xFF,
  0xE0, 0x00, 0x00, 0xFF, 0xE0, 0x00, 0x00, 0xFF, 0xFF, 0xFF, 0xFE, 0xFF,
  0xFF, 0xFF, 0xFE, 0xFF, 0xFF, 0xFF, 0xFE, 0xFF, 0xFF, 0xFF, 0xFF, 0xFF,
  0xFF, 0xFF, 0xFF, 0xFF, 0xFF, 0xFF, 0xFF, 0xFF, 0xFF, 0xFF, 0xFF, 0x7F,
  0xFF, 0xFF, 0xFF, 0x7F, 0xFF, 0xFF, 0xFE, 0x1F, 0xFF, 0xFF, 0xFC, 0x01,
  0xF8, 0x00, 0x00, 0x03, 0xF0, 0x00, 0x7F, 0xF8, 0x00, 0x00, 0xFF, 0xF0,
  0x07, 0xFF, 0xE0, 0x00, 0x0F, 0xFF, 0xC0, 0x7F, 0xFF, 0x80, 0x00, 0x7F,
  0xFF, 0x03, 0xFF, 0xFC, 0x00, 0x03, 0xFF, 0xF8, 0x1F, 0xFF, 0xF0, 0x00,
  0x3F, 0xFF, 0xC0, 0xFF, 0xFF, 0x80, 0x01, 0xFF, 0xFE, 0x07, 0xFF, 0xFC,
  0x00, 0x0F, 0xFF, 0xF8, 0x3F, 0xFF, 0xF0, 0x00, 0xFF, 0xFF, 0xC1, 0xFF,
  0xFF, 0x80, 0x07, 0xFF, 0xFE, 0x1F, 0xFF, 0xFE, 0x00, 0x3F, 0xFF, 0xF0,
  0xFF, 0xFF, 0xF0, 0x03, 0xFF, 0xFF, 0x87, 0xFF, 0xFF, 0x80, 0x1F, 0xFF,
  0xFC, 0x3F, 0xFF, 0xFE, 0x00, 0xFF, 0xFF, 0xE1, 0xFF, 0xDF, 0xF0, 0x0F,
  0xFB, 0xFF, 0x0F, 0xFE, 0xFF, 0x80, 0x7F, 0xDF, 0xF8, 0x7F, 0xF7, 0xFE,
  0x03, 0xFE, 0xFF, 0xE3, 0xFF, 0x9F, 0xF0, 0x3F, 0xE7, 0xFF, 0x1F, 0xFC,
  0xFF, 0x81, 0xFF, 0x3F, 0xF8, 0xFF, 0xE7, 0xFE, 0x0F, 0xF9, 0xFF, 0xC7,
  0xFF, 0x1F, 0xF0, 0xFF, 0x8F, 0xFE, 0x3F, 0xF8, 0xFF, 0x87, 0xFC, 0x7F,
  0xF1, 0xFF, 0xC3, 0xFE, 0x3F, 0xE3, 0xFF, 0x8F, 0xFE, 0x1F, 0xF3, 0xFE,
  0x1F, 0xFC, 0x7F, 0xF0, 0xFF, 0x9F, 0xF0, 0xFF, 0xE3, 0xFF, 0x83, 0xFE,
  0xFF, 0x87, 0xFF, 0x3F, 0xFC, 0x1F, 0xFF, 0xF8, 0x3F, 0xF9, 0xFF, 0xE0,
  0xFF, 0xFF, 0xC1, 0xFF, 0xEF, 0xFF, 0x03, 0xFF, 0xFE, 0x0F, 0xFF, 0x7F,
  0xF8, 0x1F, 0xFF, 0xE0, 0x7F, 0xFB, 0xFF, 0xC0, 0xFF, 0xFF, 0x03, 0xFF,
  0xDF, 0xFE, 0x03, 0xFF, 0xF8, 0x1F, 0xFE, 0xFF, 0xF0, 0x1F, 0xFF, 0x80,
  0xFF, 0xF7, 0xFF, 0x80, 0x7F, 0xFC, 0x07, 0xFF, 0xBF, 0xFC, 0x03, 0xFF,
  0xE0, 0x1F, 0xFD, 0xFF, 0xE0, 0x1F, 0xFE, 0x00, 0xFF, 0xEF, 0xFF, 0x00,
  0x7F, 0xE0, 0x07, 0xFF, 0x7F, 0xF8, 0x00, 0xFC, 0x00, 0x3F, 0xFB, 0xFF,
  0xC0, 0x00, 0x00, 0x01, 0xFF, 0xDF, 0xFE, 0x00, 0x00, 0x00, 0x0F, 0xFE,
  0xFF, 0xE0, 0x00, 0x00, 0x00, 0x7F, 0xFF, 0xFF, 0x00, 0x00, 0x00, 0x03,
  0xFF, 0xFF, 0xF8, 0x00, 0x00, 0x00, 0x1F, 0xFF, 0xFF, 0xC0, 0x00, 0x00,
  0x00, 0xFF, 0xFF, 0xFE, 0x00, 0x00, 0x00, 0x07, 0xFF, 0xFF, 0xF0, 0x00,
  0x00, 0x00, 0x3F, 0xFF, 0xFF, 0x80, 0x00, 0x00, 0x00, 0xFF, 0xEF, 0xFC,
  0x00, 0x00, 0x00, 0x03, 0xFE, 0x06, 0x00, 0x00, 0x00, 0x00, 0x03, 0x00,
  0x1F, 0xE0, 0x00, 0x03, 0xFE, 0x3F, 0xFC, 0x00, 0x01, 0xFF, 0xBF, 0xFF,
  0x00, 0x00, 0xFF, 0xFF, 0xFF, 0xC0, 0x00, 0x7F, 0xFF, 0xFF, 0xF0, 0x00,
  0x3F, 0xFF, 0xFF, 0xF8, 0x00, 0x1F, 0xFF, 0xFF, 0xFE, 0x00, 0x0F, 0xFF,
  0xFF, 0xFF, 0x00, 0x07, 0xFF, 0xFF, 0xFF, 0xC0, 0x03, 0xFF, 0xFF, 0xFF,
  0xE0, 0x01, 0xFF, 0xFF, 0xFF, 0xF8, 0x00, 0xFF, 0xFF, 0xFF, 0xFC, 0x00,
  0x7F, 0xFF, 0xFF, 0xFF, 0x00, 0x3F, 0xFF, 0xFF, 0xFF, 0x80, 0x1F, 0xFF,
  0xFF, 0xFF, 0xE0, 0x0F, 0xFF, 0xFF, 0xFF, 0xF0, 0x07, 0xFF, 0xFF, 0xFF,
  0xFC, 0x03, 0xFF, 0xFF, 0xF7, 0xFE, 0x01, 0xFF, 0xFF, 0xFB, 0xFF, 0x80,
  0xFF, 0xFF, 0xFC, 0xFF, 0xC0, 0x7F, 0xFF, 0xFE, 0x7F, 0xF0, 0x3F, 0xFF,
  0xFF, 0x1F, 0xFC, 0x1F, 0xFF, 0xFF, 0x8F, 0xFE, 0x0F, 0xFF, 0xFF, 0xC3,
  0xFF, 0x87, 0xFF, 0xFF, 0xE1, 0xFF, 0xC3, 0xFF, 0xFF, 0xF0, 0x7F, 0xF1,
  0xFF, 0xFF, 0xF8, 0x3F, 0xF8, 0xFF, 0xFF, 0xFC, 0x0F, 0xFE, 0x7F, 0xFF,
  0xFE, 0x07, 0xFF, 0x3F, 0xFF, 0xFF, 0x01, 0xFF, 0xDF, 0xFF, 0xFF, 0x80,
  0xFF, 0xEF, 0xFF, 0xFF, 0xC0, 0x3F, 0xF7, 0xFF, 0xFF, 0xE0, 0x1F, 0xFF,
  0xFF, 0xFF, 0xF0, 0x07, 0xFF, 0xFF, 0xFF, 0xF8, 0x03, 0xFF, 0xFF, 0xFF,
  0xFC, 0x00, 0xFF, 0xFF, 0xFF, 0xFE, 0x00, 0x7F, 0xFF, 0xFF, 0xFF, 0x00,
  0x1F, 0xFF, 0xFF, 0xFF, 0x80, 0x0F, 0xFF, 0xFF, 0xFF, 0xC0, 0x03, 0xFF,
  0xFF, 0xFF, 0xE0, 0x00, 0xFF, 0xFF, 0xFF, 0xF0, 0x00, 0x7F, 0xFF, 0xFF,
  0xF8, 0x00, 0x1F, 0xFF, 0xFF, 0xFC, 0x00, 0x0F, 0xFF, 0xFF, 0xFE, 0x00,
  0x03, 0xFF, 0xFF, 0xFF, 0x00, 0x01, 0xFF, 0xFF, 0xFF, 0x80, 0x00, 0x7F,
  0xFE, 0xFF, 0xC0, 0x00, 0x1F, 0xFE, 0x06, 0x00, 0x00, 0x00, 0x70, 0x00,
  0x00, 0x00, 0x0F, 0xF8, 0x00, 0x00, 0x00, 0x00, 0x7F, 0xFF, 0xC0, 0x00,
  0x00, 0x01, 0xFF, 0xFF, 0xFC, 0x00, 0x00, 0x03, 0xFF, 0xFF, 0xFF, 0x80,
  0x00, 0x03, 0xFF, 0xFF, 0xFF, 0xE0, 0x00, 0x07, 0xFF, 0xFF, 0xFF, 0xFC,
  0x00, 0x07, 0xFF, 0xFF, 0xFF, 0xFF, 0x00, 0x07, 0xFF, 0xFF, 0xFF, 0xFF,
  0xC0, 0x07, 0xFF, 0xFF, 0xFF, 0xFF, 0xE0, 0x03, 0xFF, 0xFF, 0xFF, 0xFF,
  0xF8, 0x03, 0xFF, 0xFC, 0x03, 0xFF, 0xFE, 0x03, 0xFF, 0xF8, 0x00, 0x3F,
  0xFF, 0x81, 0xFF, 0xF8, 0x00, 0x0F, 0xFF, 0xC1, 0xFF, 0xF8, 0x00, 0x03,
  0xFF, 0xF0, 0xFF, 0xF8, 0x00, 0x00, 0xFF, 0xF8, 0x7F, 0xF8, 0x00, 0x00,
  0x7F, 0xFC, 0x7F, 0xFC, 0x00, 0x00, 0x1F, 0xFF, 0x3F, 0xFE, 0x00, 0x00,
  0x0F, 0xFF, 0x9F, 0xFE, 0x00, 0x00, 0x03, 0xFF, 0xCF, 0xFF, 0x00, 0x00,
  0x01, 0xFF, 0xEF, 0xFF, 0x80, 0x00, 0x00, 0xFF, 0xF7, 0xFF, 0xC0, 0x00,
  0x00, 0x7F, 0xFF, 0xFF, 0xE0, 0x00, 0x00, 0x3F, 0xFF, 0xFF, 0xE0, 0x00,
  0x00, 0x1F, 0xFF, 0xFF, 0xF0, 0x00, 0x00, 0x0F, 0xFF, 0xFF, 0xF8, 0x00,
  0x00, 0x07, 0xFF, 0xFF, 0xFC, 0x00, 0x00, 0x03, 0xFF, 0xFF, 0xFF, 0x00,
  0x00, 0x01, 0xFF, 0xFF, 0xFF, 0x80, 0x00, 0x00, 0xFF, 0xFF, 0xFF, 0xC0,
  0x00, 0x00, 0x7F, 0xFB, 0xFF, 0xE0, 0x00, 0x00, 0x3F, 0xFC, 0xFF, 0xF0,
  0x00, 0x00, 0x1F, 0xFE, 0x7F, 0xF8, 0x00, 0x00, 0x1F, 0xFF, 0x3F, 0xFE,
  0x00, 0x00, 0x0F, 0xFF, 0x9F, 0xFF, 0x00, 0x00, 0x07, 0xFF, 0x87, 0xFF,
  0xC0, 0x00, 0x07, 0xFF, 0xC3, 0xFF, 0xE0, 0x00, 0x07, 0xFF, 0xE0, 0xFF,
  0xF8, 0x00, 0x07, 0xFF, 0xE0, 0x7F, 0xFF, 0x00, 0x07, 0xFF, 0xF0, 0x1F,
  0xFF, 0xC0, 0x07, 0xFF, 0xF0, 0x0F, 0xFF, 0xFE, 0x3F, 0xFF, 0xF8, 0x03,
  0xFF, 0xFF, 0xFF, 0xFF, 0xF8, 0x00, 0xFF, 0xFF, 0xFF, 0xFF, 0xF8, 0x00,
  0x3F, 0xFF, 0xFF, 0xFF, 0xF8, 0x00, 0x0F, 0xFF, 0xFF, 0xFF, 0xF8, 0x00,
  0x03, 0xFF, 0xFF, 0xFF, 0xF8, 0x00, 0x00, 0xFF, 0xFF, 0xFF, 0xF0, 0x00,
  0x00, 0x1F, 0xFF, 0xFF, 0xF0, 0x00, 0x00, 0x03, 0xFF, 0xFF, 0xC0, 0x00,
  0x00, 0x00, 0x3F, 0xFF, 0x00, 0x00, 0x00, 0x00, 0x0F, 0xE0, 0x00, 0x00,
  0x7F, 0xFF, 0xFC, 0x00, 0x0F, 0xFF, 0xFF, 0xFC, 0x01, 0xFF, 0xFF, 0xFF,
  0xF8, 0x0F, 0xFF, 0xFF, 0xFF, 0xE0, 0x7F, 0xFF, 0xFF, 0xFF, 0x83, 0xFF,
  0xFF, 0xFF, 0xFE, 0x1F, 0xFF, 0xFF, 0xFF, 0xF8, 0xFF, 0xFF, 0xFF, 0xFF,
  0xE7, 0xFF, 0xFF, 0xFF, 0xFF, 0x3F, 0xF8, 0x03, 0xFF, 0xFD, 0xFF, 0xC0,
  0x07, 0xFF, 0xEF, 0xFE, 0x00, 0x1F, 0xFF, 0x7F, 0xF0, 0x00, 0x7F, 0xFF,
  0xFF, 0x80, 0x03, 0xFF, 0xFF, 0xFC, 0x00, 0x0F, 0xFF, 0xFF, 0xE0, 0x00,
  0x7F, 0xFF, 0xFF, 0x00, 0x03, 0xFF, 0xFF, 0xF8, 0x00, 0x1F, 0xFF, 0xFF,
  0xC0, 0x01, 0xFF, 0xFF, 0xFE, 0x00, 0x0F, 0xFF, 0xFF, 0xF0, 0x00, 0xFF,
  0xFB, 0xFF, 0x80, 0x0F, 0xFF, 0xDF, 0xFC, 0x00, 0xFF, 0xFE, 0xFF, 0xFF,
  0xFF, 0xFF, 0xE7, 0xFF, 0xFF, 0xFF, 0xFF, 0x3F, 0xFF, 0xFF, 0xFF, 0xF1,
  0xFF, 0xFF, 0xFF, 0xFF, 0x0F, 0xFF, 0xFF, 0xFF, 0xF0, 0x7F, 0xFF, 0xFF,
  0xFF, 0x03, 0xFF, 0xFF, 0xFF, 0xF0, 0x1F, 0xFF, 0xFF, 0xFE, 0x00, 0xFF,
  0xFF, 0xFF, 0x80, 0x07, 0xFF, 0xFF, 0x80, 0x00, 0x3F, 0xF8, 0x00, 0x00,
  0x01, 0xFF, 0xC0, 0x00, 0x00, 0x0F, 0xFE, 0x00, 0x00, 0x00, 0x7F, 0xF0,
  0x00, 0x00, 0x03, 0xFF, 0x80, 0x00, 0x00, 0x1F, 0xFC, 0x00, 0x00, 0x00,
  0xFF, 0xE0, 0x00, 0x00, 0x07, 0xFF, 0x00, 0x00, 0x00, 0x3F, 0xF8, 0x00,
  0x00, 0x01, 0xFF, 0xC0, 0x00, 0x00, 0x0F, 0xFE, 0x00, 0x00, 0x00, 0x7F,
  0xF0, 0x00, 0x00, 0x03, 0xFF, 0x80, 0x00, 0x00, 0x1F, 0xFC, 0x00, 0x00,
  0x00, 0x7F, 0xE0, 0x00, 0x00, 0x00, 0x58, 0x00, 0x00, 0x00, 0x00, 0x00,
  0x00, 0x0F, 0xF8, 0x00, 0x00, 0x00, 0x00, 0x1F, 0xFF, 0xF0, 0x00, 0x00,
  0x00, 0x1F, 0xFF, 0xFF, 0xC0, 0x00, 0x00, 0x0F, 0xFF, 0xFF, 0xFE, 0x00,
  0x00, 0x03, 0xFF, 0xFF, 0xFF, 0xE0, 0x00, 0x01, 0xFF, 0xFF, 0xFF, 0xFF,
  0x00, 0x00, 0x7F, 0xFF, 0xFF, 0xFF, 0xF0, 0x00, 0x1F, 0xFF, 0xFF, 0xFF,
  0xFF, 0x00, 0x07, 0xFF, 0xFF, 0xFF, 0xFF, 0xE0, 0x00, 0xFF, 0xFF, 0xFF,
  0xFF, 0xFE, 0x00, 0x3F, 0xFF, 0xC0, 0x3F, 0xFF, 0xE0, 0x0F, 0xFF, 0xE0,
  0x00, 0xFF, 0xFE, 0x01, 0xFF, 0xF8, 0x00, 0x0F, 0xFF, 0xC0, 0x7F, 0xFE,
  0x00, 0x00, 0xFF, 0xFC, 0x0F, 0xFF, 0x80, 0x00, 0x0F, 0xFF, 0x81, 0xFF,
  0xE0, 0x00, 0x01, 0xFF, 0xF0, 0x7F, 0xFC, 0x00, 0x00, 0x1F, 0xFF, 0x0F,
  0xFF, 0x80, 0x00, 0x03, 0xFF, 0xE1, 0xFF, 0xE0, 0x00, 0x00, 0x3F, 0xFC,
  0x3F, 0xFC, 0x00, 0x00, 0x07, 0xFF, 0x8F, 0xFF, 0x80, 0x00, 0x00, 0xFF,
  0xF1, 0xFF, 0xF0, 0x00, 0x00, 0x1F, 0xFF, 0x3F, 0xFE, 0x00, 0x00, 0x03,
  0xFF, 0xE7, 0xFF, 0x80, 0x00, 0x00, 0x7F, 0xFC, 0xFF, 0xF0, 0x00, 0x00,
  0x0F, 0xFF, 0x9F, 0xFE, 0x00, 0x00, 0x01, 0xFF, 0xF3, 0xFF, 0xC0, 0x00,
  0x00, 0x3F, 0xFE, 0x7F, 0xFC, 0x00, 0x00, 0x07, 0xFF, 0xCF, 0xFF, 0x80,
  0x00, 0x00, 0xFF, 0xF9, 0xFF, 0xF0, 0x00, 0x00, 0x1F, 0xFE, 0x1F, 0xFE,
  0x00, 0x00, 0x03, 0xFF, 0xC3, 0xFF, 0xC0, 0x00, 0x00, 0x7F, 0xF8, 0x7F,
  0xF8, 0x00, 0x00, 0x1F, 0xFF, 0x0F, 0xFF, 0x80, 0x00, 0x03, 0xFF, 0xE1,
  0xFF, 0xF0, 0x00, 0x00, 0x7F, 0xF8, 0x1F, 0xFF, 0x00, 0x00, 0x1F, 0xFF,
  0x03, 0xFF, 0xF0, 0x00, 0x07, 0xFF, 0xE0, 0x3F, 0xFE, 0x00, 0x01, 0xFF,
  0xF8, 0x07, 0xFF, 0xF0, 0x00, 0x7F, 0xFF, 0x00, 0x7F, 0xFF, 0x00, 0x3F,
  0xFF, 0xC0, 0x0F, 0xFF, 0xFF, 0x7F, 0xFF, 0xF8, 0x00, 0xFF, 0xFF, 0xFF,
  0xFF, 0xFE, 0x00, 0x0F, 0xFF, 0xFF, 0xFF, 0xFF, 0x80, 0x00, 0xFF, 0xFF,
  0xFF, 0xFF, 0xE0, 0x00, 0x0F, 0xFF, 0xFF, 0xFF, 0xF8, 0x00, 0x00, 0xFF,
  0xFF, 0xFF, 0xFE, 0x00, 0x00, 0x0F, 0xFF, 0xFF, 0xFF, 0x00, 0x00, 0x00,
  0x7F, 0xFF, 0xFF, 0xE0, 0x00, 0x00, 0x03, 0xFF, 0xFF, 0xFF, 0x00, 0x00,
  0x00, 0x07, 0xFF, 0xFF, 0xF8, 0x00, 0x00, 0x00, 0x01, 0xFF, 0xFF, 0xE0,
  0x00, 0x00, 0x00, 0x1F, 0xFF, 0xFF, 0x80, 0x00, 0x00, 0x00, 0xFF, 0xFF,
  0xFE, 0x00, 0x00, 0x00, 0x0F, 0xFF, 0xFF, 0xC0, 0x00, 0x00, 0x00, 0xFF,
  0xFF, 0xF8, 0x00, 0x00, 0x00, 0x0F, 0xFF, 0xFF, 0x00, 0x00, 0x00, 0x00,
  0xFF, 0xFF, 0xE0, 0x00, 0x00, 0x00, 0x07, 0xFF, 0xFC, 0x00, 0x00, 0x00,
  0x00, 0x7F, 0xFF, 0x00, 0x00, 0x00, 0x00, 0x03, 0xFF, 0xE0, 0x00, 0x00,
  0x00, 0x00, 0x1F, 0xF0, 0x00, 0x0F, 0xF0, 0x00, 0x00, 0x1F, 0xFF, 0xFF,
  0x80, 0x00, 0xFF, 0xFF, 0xFF, 0xC0, 0x07, 0xFF, 0xFF, 0xFF, 0xE0, 0x0F,
  0xFF, 0xFF, 0xFF, 0xF0, 0x1F, 0xFF, 0xFF, 0xFF, 0xF0, 0x3F, 0xFF, 0xFF,
  0xFF, 0xF0, 0x7F, 0xFF, 0xFF, 0xFF, 0xF0, 0xFF, 0xFF, 0xFF, 0xFF, 0xE1,
  0xFF, 0xFF, 0xFF, 0xFF, 0xE3, 0xFF, 0x80, 0x3F, 0xFF, 0xC7, 0xFF, 0x00,
  0x0F, 0xFF, 0x8F, 0xFE, 0x00, 0x0F, 0xFF, 0x9F, 0xFC, 0x00, 0x1F, 0xFF,
  0x3F, 0xF8, 0x00, 0x1F, 0xFE, 0x7F, 0xF0, 0x00, 0x3F, 0xFC, 0xFF, 0xE0,
  0x00, 0x7F, 0xF9, 0xFF, 0xC0, 0x00, 0xFF, 0xF3, 0xFF, 0x80, 0x01, 0xFF,
  0xE7, 0xFF, 0x00, 0x03, 0xFF, 0xCF, 0xFE, 0x00, 0x0F, 0xFF, 0x9F, 0xFC,
  0x00, 0x3F, 0xFE, 0x3F, 0xF8, 0x00, 0xFF, 0xFC, 0x7F, 0xF0, 0x0F, 0xFF,
  0xF8, 0xFF, 0xFF, 0xFF, 0xFF, 0xE1, 0xFF, 0xFF, 0xFF, 0xFF, 0x83, 0xFF,
  0xFF, 0xFF, 0xFF, 0x07, 0xFF, 0xFF, 0xFF, 0xFC, 0x0F, 0xFF, 0xFF, 0xFF,
  0xF0, 0x1F, 0xFF, 0xFF, 0xFF, 0x80, 0x3F, 0xFF, 0xFF, 0xFE, 0x00, 0x7F,
  0xFF, 0xFF, 0xFC, 0x00, 0xFF, 0xFF, 0xFF, 0xFC, 0x01, 0xFF, 0xC0, 0x7F,
  0xF8, 0x03, 0xFF, 0x80, 0xFF, 0xF8, 0x07, 0xFF, 0x00, 0xFF, 0xF8, 0x0F,
  0xFE, 0x01, 0xFF, 0xF8, 0x1F, 0xFC, 0x01, 0xFF, 0xF8, 0x3F, 0xF8, 0x01,
  0xFF, 0xF0, 0x7F, 0xF0, 0x03, 0xFF, 0xF0, 0xFF, 0xE0, 0x03, 0xFF, 0xF1,
  0xFF, 0xC0, 0x03, 0xFF, 0xF3, 0xFF, 0x80, 0x07, 0xFF, 0xE7, 0xFF, 0x00,
  0x07, 0xFF, 0xEF, 0xFE, 0x00, 0x07, 0xFF, 0xFF, 0xFC, 0x00, 0x0F, 0xFF,
  0xFF, 0xF8, 0x00, 0x0F, 0xFF, 0x7F, 0xF0, 0x00, 0x0F, 0xFC, 0x7F, 0xE0,
  0x00, 0x0F, 0xF0, 0x16, 0x00, 0x00, 0x03, 0x80, 0x00, 0x03, 0xFF, 0x80,
  0x00, 0x01, 0xFF, 0xFF, 0xC0, 0x00, 0x3F, 0xFF, 0xFF, 0x80, 0x07, 0xFF,
  0xFF, 0xFF, 0x00, 0x7F, 0xFF, 0xFF, 0xFC, 0x07, 0xFF, 0xFF, 0xFF, 0xE0,
  0x7F, 0xFF, 0xFF, 0xFF, 0x07, 0xFF, 0xFF, 0xFF, 0xFC, 0x3F, 0xFF, 0xFF,
  0xFF, 0xE3, 0xFF, 0xFF, 0xFF, 0xFE, 0x1F, 0xFF, 0xC0, 0x0F, 0xF0, 0xFF,
  0xF8, 0x00, 0x0F, 0x07, 0xFF, 0x80, 0x00, 0x10, 0x3F, 0xFC, 0x00, 0x00,
  0x01, 0xFF, 0xE0, 0x00, 0x00, 0x0F, 0xFF, 0x00, 0x00, 0x00, 0x7F, 0xFC,
  0x00, 0x00, 0x03, 0xFF, 0xF0, 0x00, 0x00, 0x1F, 0xFF, 0xF0, 0x00, 0x00,
  0xFF, 0xFF, 0xF0, 0x00, 0x03, 0xFF, 0xFF, 0xF0, 0x00, 0x1F, 0xFF, 0xFF,
  0xE0, 0x00, 0x7F, 0xFF, 0xFF, 0xC0, 0x01, 0xFF, 0xFF, 0xFF, 0x80, 0x07,
  0xFF, 0xFF, 0xFF, 0x00, 0x0F, 0xFF, 0xFF, 0xFC, 0x00, 0x1F, 0xFF, 0xFF,
  0xF0, 0x00, 0x3F, 0xFF, 0xFF, 0xC0, 0x00, 0x3F, 0xFF, 0xFE, 0x00, 0x00,
  0x3F, 0xFF, 0xF8, 0x00, 0x00, 0x3F, 0xFF, 0xC0, 0x00, 0x00, 0x7F, 0xFE,
  0x00, 0x00, 0x01, 0xFF, 0xF8, 0x00, 0x00, 0x07, 0xFF, 0xC0, 0x00, 0x00,
  0x1F, 0xFE, 0x00, 0x00, 0x00, 0xFF, 0xF0, 0x80, 0x00, 0x07, 0xFF, 0x9E,
  0x00, 0x00, 0x7F, 0xFD, 0xFC, 0x00, 0x07, 0xFF, 0xEF, 0xF8, 0x00, 0x7F,
  0xFE, 0xFF, 0xFE, 0x3F, 0xFF, 0xF7, 0xFF, 0xFF, 0xFF, 0xFF, 0xBF, 0xFF,
  0xFF, 0xFF, 0xF8, 0xFF, 0xFF, 0xFF, 0xFF, 0xC7, 0xFF, 0xFF, 0xFF, 0xFC,
  0x1F, 0xFF, 0xFF, 0xFF, 0xC0, 0x7F, 0xFF, 0xFF, 0xF8, 0x01, 0xFF, 0xFF,
  0xFF, 0x80, 0x03, 0xFF, 0xFF, 0xF0, 0x00, 0x03, 0xFF, 0xFC, 0x00, 0x00,
  0x7F, 0xFF, 0xFF, 0xFF, 0xFF, 0xFF, 0xFF, 0xFF, 0xFF, 0xFF, 0xFF, 0xFF,
  0xFF, 0xFF, 0xFF, 0xFF, 0xFF, 0xFF, 0xFF, 0xFF, 0xFF, 0xFF, 0xFF, 0xFF,
  0xFF, 0xFF, 0xFF, 0xFF, 0xFF, 0xFF, 0xFF, 0xFF, 0xFF, 0xFF, 0xFF, 0xFF,
  0xFF, 0xFF, 0xFE, 0xFF, 0xFF, 0xFF, 0xFF, 0xF8, 0x00, 0x0F, 0xFF, 0x00,
  0x00, 0x00, 0x1F, 0xFE, 0x00, 0x00, 0x00, 0x3F, 0xFC, 0x00, 0x00, 0x00,
  0x7F, 0xF8, 0x00, 0x00, 0x00, 0xFF, 0xF0, 0x00, 0x00, 0x01, 0xFF, 0xE0,
  0x00, 0x00, 0x03, 0xFF, 0xC0, 0x00, 0x00, 0x07, 0xFF, 0x80, 0x00, 0x00,
  0x0F, 0xFF, 0x00, 0x00, 0x00, 0x1F, 0xFE, 0x00, 0x00, 0x00, 0x3F, 0xFC,
  0x00, 0x00, 0x00, 0x7F, 0xF8, 0x00, 0x00, 0x00, 0xFF, 0xF0, 0x00, 0x00,
  0x01, 0xFF, 0xE0, 0x00, 0x00, 0x03, 0xFF, 0xC0, 0x00, 0x00, 0x07, 0xFF,
  0x80, 0x00, 0x00, 0x0F, 0xFF, 0x00, 0x00, 0x00, 0x1F, 0xFE, 0x00, 0x00,
  0x00, 0x3F, 0xFC, 0x00, 0x00, 0x00, 0x7F, 0xF8, 0x00, 0x00, 0x00, 0xFF,
  0xF0, 0x00, 0x00, 0x01, 0xFF, 0xE0, 0x00, 0x00, 0x03, 0xFF, 0xC0, 0x00,
  0x00, 0x07, 0xFF, 0x80, 0x00, 0x00, 0x0F, 0xFF, 0x00, 0x00, 0x00, 0x1F,
  0xFE, 0x00, 0x00, 0x00, 0x3F, 0xFC, 0x00, 0x00, 0x00, 0x7F, 0xF8, 0x00,
  0x00, 0x00, 0xFF, 0xF0, 0x00, 0x00, 0x01, 0xFF, 0xE0, 0x00, 0x00, 0x03,
  0xFF, 0xC0, 0x00, 0x00, 0x07, 0xFF, 0x80, 0x00, 0x00, 0x0F, 0xFF, 0x00,
  0x00, 0x00, 0x1F, 0xFE, 0x00, 0x00, 0x00, 0x3F, 0xFC, 0x00, 0x00, 0x00,
  0x3F, 0xF8, 0x00, 0x00, 0x00, 0x7F, 0xF0, 0x00, 0x00, 0x00, 0x7F, 0xE0,
  0x00, 0x00, 0x00, 0x0C, 0x00, 0x00, 0xFF, 0xC0, 0x00, 0x07, 0xFE, 0x7F,
  0xF0, 0x00, 0x03, 0xFF, 0xBF, 0xFC, 0x00, 0x01, 0xFF, 0xFF, 0xFE, 0x00,
  0x00, 0xFF, 0xFF, 0xFF, 0x00, 0x00, 0x7F, 0xFF, 0xFF, 0x80, 0x00, 0x3F,
  0xFF, 0xFF, 0xC0, 0x00, 0x1F, 0xFF, 0xFF, 0xE0, 0x00, 0x0F, 0xFF, 0xFF,
  0xF0, 0x00, 0x07, 0xFF, 0xFF, 0xF8, 0x00, 0x03, 0xFF, 0xFF, 0xFC, 0x00,
  0x01, 0xFF, 0xFF, 0xFE, 0x00, 0x00, 0xFF, 0xFF, 0xFF, 0x00, 0x00, 0x7F,
  0xFF, 0xFF, 0x80, 0x00, 0x3F, 0xFF, 0xFF, 0xC0, 0x00, 0x1F, 0xFF, 0xFF,
  0xE0, 0x00, 0x0F, 0xFF, 0xFF, 0xF0, 0x00, 0x07, 0xFF, 0xFF, 0xF8, 0x00,
  0x03, 0xFF, 0xFF, 0xFC, 0x00, 0x01, 0xFF, 0xFF, 0xFE, 0x00, 0x00, 0xFF,
  0xFF, 0xFF, 0x00, 0x00, 0x7F, 0xFF, 0xFF, 0x80, 0x00, 0x3F, 0xFF, 0xFF,
  0xC0, 0x00, 0x1F, 0xFF, 0xFF, 0xE0, 0x00, 0x0F, 0xFF, 0xFF, 0xF0, 0x00,
  0x07, 0xFF, 0xFF, 0xF8, 0x00, 0x03, 0xFF, 0xFF, 0xFC, 0x00, 0x01, 0xFF,
  0xFF, 0xFE, 0x00, 0x00, 0xFF, 0xFF, 0xFF, 0x00, 0x00, 0x7F, 0xFF, 0xFF,
  0x80, 0x00, 0x3F, 0xFF, 0xFF, 0xC0, 0x00, 0x1F, 0xFF, 0xFF, 0xE0, 0x00,
  0x0F, 0xFF, 0xFF, 0xF0, 0x00, 0x07, 0xFF, 0xFF, 0xFC, 0x00, 0x03, 0xFF,
  0xDF, 0xFE, 0x00, 0x01, 0xFF, 0xEF, 0xFF, 0x00, 0x01, 0xFF, 0xF7, 0xFF,
  0xC0, 0x00, 0xFF, 0xFB, 0xFF, 0xF0, 0x00, 0xFF, 0xF8, 0xFF, 0xFC, 0x01,
  0xFF, 0xFC, 0x7F, 0xFF, 0xC7, 0xFF, 0xFE, 0x1F, 0xFF, 0xFF, 0xFF, 0xFE,
  0x0F, 0xFF, 0xFF, 0xFF, 0xFE, 0x03, 0xFF, 0xFF, 0xFF, 0xFF, 0x00, 0xFF,
  0xFF, 0xFF, 0xFF, 0x00, 0x3F, 0xFF, 0xFF, 0xFF, 0x00, 0x0F, 0xFF, 0xFF,
  0xFE, 0x00, 0x01, 0xFF, 0xFF, 0xFE, 0x00, 0x00, 0x3F, 0xFF, 0xFC, 0x00,
  0x00, 0x03, 0xFF, 0xF0, 0x00, 0x00, 0x0F, 0x80, 0x00, 0x00, 0x0F, 0x83,
  0xFF, 0x00, 0x00, 0x03, 0xFF, 0x3F, 0xFC, 0x00, 0x00, 0x1F, 0xFD, 0xFF,
  0xE0, 0x00, 0x01, 0xFF, 0xEF, 0xFF, 0x00, 0x00, 0x0F, 0xFF, 0xFF, 0xFC,
  0x00, 0x00, 0x7F, 0xFD, 0xFF, 0xE0, 0x00, 0x03, 0xFF, 0xEF, 0xFF, 0x00,
  0x00, 0x3F, 0xFE, 0x7F, 0xFC, 0x00, 0x01, 0xFF, 0xF3, 0xFF, 0xE0, 0x00,
  0x0F, 0xFF, 0x8F, 0xFF, 0x00, 0x00, 0x7F, 0xFC, 0x7F, 0xF8, 0x00, 0x07,
  0xFF, 0xC3, 0xFF, 0xE0, 0x00, 0x3F, 0xFE, 0x0F, 0xFF, 0x00, 0x01, 0xFF,
  0xF0, 0x7F, 0xF8, 0x00, 0x0F, 0xFF, 0x83, 0xFF, 0xE0, 0x00, 0xFF, 0xF8,
  0x0F, 0xFF, 0x00, 0x07, 0xFF, 0xC0, 0x7F, 0xF8, 0x00, 0x3F, 0xFE, 0x03,
  0xFF, 0xE0, 0x03, 0xFF, 0xE0, 0x0F, 0xFF, 0x00, 0x1F, 0xFF, 0x00, 0x7F,
  0xF8, 0x00, 0xFF, 0xF8, 0x03, 0xFF, 0xE0, 0x07, 0xFF, 0x80, 0x0F, 0xFF,
  0x00, 0x7F, 0xFC, 0x00, 0x7F, 0xF8, 0x03, 0xFF, 0xE0, 0x03, 0xFF, 0xE0,
  0x1F, 0xFE, 0x00, 0x0F, 0xFF, 0x01, 0xFF, 0xF0, 0x00, 0x7F, 0xF8, 0x0F,
  0xFF, 0x80, 0x01, 0xFF, 0xE0, 0x7F, 0xF8, 0x00, 0x0F, 0xFF, 0x03, 0xFF,
  0xC0, 0x00, 0x7F, 0xF8, 0x3F, 0xFC, 0x00, 0x01, 0xFF, 0xE1, 0xFF, 0xE0,
  0x00, 0x0F, 0xFF, 0x0F, 0xFF, 0x00, 0x00, 0x7F, 0xF8, 0xFF, 0xF0, 0x00,
  0x01, 0xFF, 0xE7, 0xFF, 0x80, 0x00, 0x0F, 0xFF, 0x3F, 0xFC, 0x00, 0x00,
  0x3F, 0xFB, 0xFF, 0xC0, 0x00, 0x01, 0xFF, 0xFF, 0xFE, 0x00, 0x00, 0x0F,
  0xFF, 0xFF, 0xE0, 0x00, 0x00, 0x3F, 0xFF, 0xFF, 0x00, 0x00, 0x01, 0xFF,
  0xFF, 0xF8, 0x00, 0x00, 0x07, 0xFF, 0xFF, 0x80, 0x00, 0x00, 0x3F, 0xFF,
  0xFC, 0x00, 0x00, 0x01, 0xFF, 0xFF, 0xC0, 0x00, 0x00, 0x07, 0xFF, 0xFE,
  0x00, 0x00, 0x00, 0x3F, 0xFF, 0xE0, 0x00, 0x00, 0x00, 0xFF, 0xFF, 0x00,
  0x00, 0x00, 0x03, 0xFF, 0xF0, 0x00, 0x00, 0x00, 0x0F, 0xFF, 0x00, 0x00,
  0x00, 0x00, 0x0F, 0x80, 0x00, 0x00, 0x0F, 0x80, 0x00, 0x00, 0x00, 0x00,
  0x07, 0xC0, 0xFF, 0x80, 0x00, 0x00, 0x00, 0x00, 0xFF, 0xCF, 0xFF, 0x00,
  0x00, 0x00, 0x00, 0x03, 0xFF, 0xBF, 0xFC, 0x00, 0x00, 0x00, 0x00, 0x0F,
  0xFF, 0xFF, 0xF8, 0x00, 0x00, 0x00, 0x00, 0x3F, 0xFD, 0xFF, 0xE0, 0x00,
  0x00, 0x00, 0x00, 0xFF, 0xF7, 0xFF, 0x80, 0x00, 0x00, 0x00, 0x03, 0xFF,
  0xDF, 0xFE, 0x00, 0x00, 0x00, 0x00, 0x0F, 0xFF, 0x7F, 0xFC, 0x00, 0x00,
  0x00, 0x00, 0x7F, 0xFD, 0xFF, 0xF0, 0x00, 0x00, 0x00, 0x01, 0xFF, 0xE7,
  0xFF, 0xC0, 0x00, 0x00, 0x00, 0x07, 0xFF, 0x8F, 0xFF, 0x00, 0x07, 0xF8,
  0x00, 0x1F, 0xFE, 0x3F, 0xFC, 0x00, 0x7F, 0xF8, 0x00, 0x7F, 0xF8, 0xFF,
  0xF0, 0x01, 0xFF, 0xF0, 0x01, 0xFF, 0xE3, 0xFF, 0xE0, 0x07, 0xFF, 0xC0,
  0x07, 0xFF, 0x8F, 0xFF, 0x80, 0x3F, 0xFF, 0x80, 0x3F, 0xFE, 0x3F, 0xFE,
  0x00, 0xFF, 0xFE, 0x00, 0xFF, 0xF0, 0x7F, 0xF8, 0x03, 0xFF, 0xF8, 0x03,
  0xFF, 0xC1, 0xFF, 0xE0, 0x0F, 0xFF, 0xE0, 0x0F, 0xFF, 0x07, 0xFF, 0x80,
  0x3F, 0xFF, 0xC0, 0x3F, 0xFC, 0x1F, 0xFF, 0x01, 0xFF, 0xFF, 0x00, 0xFF,
  0xF0, 0x7F, 0xFC, 0x07, 0xFF, 0xFC, 0x03, 0xFF, 0xC0, 0xFF, 0xF0, 0x1F,
  0xFF, 0xF8, 0x1F, 0xFE, 0x03, 0xFF, 0xC0, 0xFF, 0xFF, 0xE0, 0x7F, 0xF8,
  0x0F, 0xFF, 0x03, 0xFF, 0xFF, 0x81, 0xFF, 0xE0, 0x3F, 0xFC, 0x0F, 0xFF,
  0xFE, 0x07, 0xFF, 0x80, 0xFF, 0xF0, 0x3F, 0xEF, 0xFC, 0x1F, 0xFE, 0x01,
  0xFF, 0xE1, 0xFF, 0xBF, 0xF0, 0x7F, 0xF8, 0x07, 0xFF, 0x87, 0xFE, 0xFF,
  0xC1, 0xFF, 0xC0, 0x1F, 0xFE, 0x1F, 0xF9, 0xFF, 0x8F, 0xFF, 0x00, 0x7F,
  0xF8, 0x7F, 0xC7, 0xFE, 0x3F, 0xFC, 0x00, 0xFF, 0xE3, 0xFF, 0x1F, 0xF8,
  0xFF, 0xF0, 0x03, 0xFF, 0x8F, 0xFC, 0x7F, 0xE3, 0xFF, 0x80, 0x0F, 0xFF,
  0x3F, 0xF0, 0xFF, 0xCF, 0xFE, 0x00, 0x3F, 0xFC, 0xFF, 0x83, 0xFF, 0x3F,
  0xF8, 0x00, 0x7F, 0xF7, 0xFE, 0x0F, 0xFD, 0xFF, 0xE0, 0x01, 0xFF, 0xDF,
  0xF8, 0x1F, 0xFF, 0xFF, 0x80, 0x07, 0xFF, 0x7F, 0xE0, 0x7F, 0xFF, 0xFC,
  0x00, 0x1F, 0xFF, 0xFF, 0x01, 0xFF, 0xFF, 0xF0, 0x00, 0x3F, 0xFF, 0xFC,
  0x07, 0xFF, 0xFF, 0xC0, 0x00, 0xFF, 0xFF, 0xF0, 0x0F, 0xFF, 0xFE, 0x00,
  0x03, 0xFF, 0xFF, 0x80, 0x3F, 0xFF, 0xF8, 0x00, 0x07, 0xFF, 0xFE, 0x00,
  0xFF, 0xFF, 0xE0, 0x00, 0x1F, 0xFF, 0xF8, 0x01, 0xFF, 0xFF, 0x80, 0x00,
  0x7F, 0xFF, 0xE0, 0x07, 0xFF, 0xFC, 0x00, 0x00, 0xFF, 0xFF, 0x00, 0x1F,
  0xFF, 0xF0, 0x00, 0x01, 0xFF, 0xFC, 0x00, 0x3F, 0xFF, 0x80, 0x00, 0x03,
  0xFF, 0xC0, 0x00, 0x3F, 0xF8, 0x00, 0x00, 0x00, 0x20, 0x00, 0x00, 0x04,
  0x00, 0x00, 0x07, 0xC0, 0x00, 0x00, 0x7C, 0x03, 0xFE, 0x00, 0x00, 0x3F,
  0xE0, 0xFF, 0xE0, 0x00, 0x07, 0xFE, 0x3F, 0xFE, 0x00, 0x01, 0xFF, 0xC7,
  0xFF, 0xC0, 0x00, 0x7F, 0xFD, 0xFF, 0xFC, 0x00, 0x0F, 0xFF, 0x9F, 0xFF,
  0xC0, 0x03, 0xFF, 0xF1, 0xFF, 0xF8, 0x00, 0xFF, 0xFC, 0x3F, 0xFF, 0x80,
  0x1F, 0xFF, 0x83, 0xFF, 0xF8, 0x07, 0xFF, 0xE0, 0x3F, 0xFF, 0x01, 0xFF,
  0xFC, 0x03, 0xFF, 0xF0, 0x3F, 0xFF, 0x00, 0x7F, 0xFF, 0x0F, 0xFF, 0xC0,
  0x07, 0xFF, 0xE3, 0xFF, 0xF0, 0x00, 0x7F, 0xFE, 0x7F, 0xFE, 0x00, 0x0F,
  0xFF, 0xFF, 0xFF, 0x80, 0x00, 0xFF, 0xFF, 0xFF, 0xE0, 0x00, 0x0F, 0xFF,
  0xFF, 0xF8, 0x00, 0x00, 0xFF, 0xFF, 0xFE, 0x00, 0x00, 0x1F, 0xFF, 0xFF,
  0xC0, 0x00, 0x01, 0xFF, 0xFF, 0xF0, 0x00, 0x00, 0x1F, 0xFF, 0xFC, 0x00,
  0x00, 0x03, 0xFF, 0xFF, 0x00, 0x00, 0x00, 0x3F, 0xFF, 0xC0, 0x00, 0x00,
  0x07, 0xFF, 0xF8, 0x00, 0x00, 0x01, 0xFF, 0xFF, 0x80, 0x00, 0x00, 0x7F,
  0xFF, 0xF8, 0x00, 0x00, 0x0F, 0xFF, 0xFF, 0x80, 0x00, 0x03, 0xFF, 0xFF,
  0xF0, 0x00, 0x00, 0xFF, 0xFF, 0xFF, 0x00, 0x00, 0x3F, 0xFF, 0xFF, 0xF0,
  0x00, 0x07, 0xFF, 0xFF, 0xFE, 0x00, 0x01, 0xFF, 0xFF, 0xFF, 0xE0, 0x00,
  0x7F, 0xFE, 0x7F, 0xFE, 0x00, 0x1F, 0xFF, 0xC7, 0xFF, 0xE0, 0x07, 0xFF,
  0xF0, 0xFF, 0xFC, 0x00, 0xFF, 0xFC, 0x0F, 0xFF, 0xC0, 0x3F, 0xFF, 0x80,
  0xFF, 0xFC, 0x0F, 0xFF, 0xE0, 0x1F, 0xFF, 0x81, 0xFF, 0xF8, 0x01, 0xFF,
  0xF8, 0x7F, 0xFF, 0x00, 0x1F, 0xFF, 0x8F, 0xFF, 0xC0, 0x03, 0xFF, 0xF9,
  0xFF, 0xF0, 0x00, 0x3F, 0xFF, 0x3F, 0xFC, 0x00, 0x03, 0xFF, 0xF7, 0xFF,
  0x80, 0x00, 0x7F, 0xFC, 0xFF, 0xE0, 0x00, 0x07, 0xFF, 0x8F, 0xF8, 0x00,
  0x00, 0x7F, 0xE0, 0xFF, 0x00, 0x00, 0x07, 0xF8, 0x01, 0xC0, 0x00, 0x00,
  0x18, 0x00, 0x0F, 0x00, 0x00, 0x00, 0x3E, 0x0F, 0xF0, 0x00, 0x00, 0x7F,
  0xE7, 0xFF, 0x00, 0x00, 0x1F, 0xFF, 0xFF, 0xC0, 0x00, 0x0F, 0xFF, 0xFF,
  0xF8, 0x00, 0x03, 0xFF, 0xFF, 0xFE, 0x00, 0x01, 0xFF, 0xF7, 0xFF, 0xC0,
  0x00, 0x7F, 0xFD, 0xFF, 0xF8, 0x00, 0x3F, 0xFF, 0x3F, 0xFE, 0x00, 0x0F,
  0xFF, 0x87, 0xFF, 0xC0, 0x03, 0xFF, 0xE1, 0xFF, 0xF0, 0x01, 0xFF, 0xF0,
  0x3F, 0xFE, 0x00, 0x7F, 0xFC, 0x0F, 0xFF, 0x80, 0x3F, 0xFE, 0x01, 0xFF,
  0xF0, 0x0F, 0xFF, 0x80, 0x7F, 0xFC, 0x07, 0xFF, 0xC0, 0x0F, 0xFF, 0x81,
  0xFF, 0xF0, 0x03, 0xFF, 0xE0, 0xFF, 0xF8, 0x00, 0x7F, 0xFC, 0x3F, 0xFE,
  0x00, 0x0F, 0xFF, 0x1F, 0xFF, 0x00, 0x03, 0xFF, 0xE7, 0xFF, 0x80, 0x00,
  0x7F, 0xFB, 0xFF, 0xE0, 0x00, 0x1F, 0xFF, 0xFF, 0xF0, 0x00, 0x03, 0xFF,
  0xFF, 0xFC, 0x00, 0x00, 0x7F, 0xFF, 0xFE, 0x00, 0x00, 0x1F, 0xFF, 0xFF,
  0x00, 0x00, 0x03, 0xFF, 0xFF, 0xC0, 0x00, 0x00, 0x7F, 0xFF, 0xE0, 0x00,
  0x00, 0x1F, 0xFF, 0xF8, 0x00, 0x00, 0x03, 0xFF, 0xFC, 0x00, 0x00, 0x00,
  0x7F, 0xFE, 0x00, 0x00, 0x00, 0x1F, 0xFF, 0x80, 0x00, 0x00, 0x03, 0xFF,
  0xC0, 0x00, 0x00, 0x00, 0xFF, 0xF0, 0x00, 0x00, 0x00, 0x3F, 0xFC, 0x00,
  0x00, 0x00, 0x0F, 0xFF, 0x00, 0x00, 0x00, 0x03, 0xFF, 0xC0, 0x00, 0x00,
  0x00, 0xFF, 0xF0, 0x00, 0x00, 0x00, 0x3F, 0xFC, 0x00, 0x00, 0x00, 0x0F,
  0xFF, 0x00, 0x00, 0x00, 0x03, 0xFF, 0xC0, 0x00, 0x00, 0x00, 0xFF, 0xF0,
  0x00, 0x00, 0x00, 0x3F, 0xFC, 0x00, 0x00, 0x00, 0x0F, 0xFF, 0x00, 0x00,
  0x00, 0x03, 0xFF, 0xC0, 0x00, 0x00, 0x00, 0xFF, 0xF0, 0x00, 0x00, 0x00,
  0x3F, 0xFC, 0x00, 0x00, 0x00, 0x07, 0xFF, 0x00, 0x00, 0x00, 0x00, 0xFF,
  0xC0, 0x00, 0x00, 0x00, 0x02, 0x00, 0x00, 0x00, 0x0F, 0xFF, 0xFF, 0xFF,
  0xE0, 0xFF, 0xFF, 0xFF, 0xFF, 0xC7, 0xFF, 0xFF, 0xFF, 0xFF, 0x9F, 0xFF,
  0xFF, 0xFF, 0xFE, 0x7F, 0xFF, 0xFF, 0xFF, 0xF9, 0xFF, 0xFF, 0xFF, 0xFF,
  0xF7, 0xFF, 0xFF, 0xFF, 0xFF, 0xDF, 0xFF, 0xFF, 0xFF, 0xFF, 0x7F, 0xFF,
  0xFF, 0xFF, 0xF8, 0xFF, 0xFF, 0xFF, 0xFF, 0xE0, 0x00, 0x00, 0x1F, 0xFF,
  0x80, 0x00, 0x00, 0xFF, 0xFC, 0x00, 0x00, 0x07, 0xFF, 0xE0, 0x00, 0x00,
  0x3F, 0xFF, 0x80, 0x00, 0x01, 0xFF, 0xFC, 0x00, 0x00, 0x07, 0xFF, 0xE0,
  0x00, 0x00, 0x3F, 0xFF, 0x00, 0x00, 0x01, 0xFF, 0xF8, 0x00, 0x00, 0x0F,
  0xFF, 0xE0, 0x00, 0x00, 0x7F, 0xFF, 0x00, 0x00, 0x01, 0xFF, 0xF8, 0x00,
  0x00, 0x0F, 0xFF, 0xC0, 0x00, 0x00, 0x7F, 0xFE, 0x00, 0x00, 0x03, 0xFF,
  0xF8, 0x00, 0x00, 0x1F, 0xFF, 0xC0, 0x00, 0x00, 0x7F, 0xFE, 0x00, 0x00,
  0x03, 0xFF, 0xF0, 0x00, 0x00, 0x1F, 0xFF, 0x80, 0x00, 0x00, 0xFF, 0xFE,
  0x00, 0x00, 0x07, 0xFF, 0xF0, 0x00, 0x00, 0x1F, 0xFF, 0x80, 0x00, 0x00,
  0xFF, 0xFC, 0x00, 0x00, 0x07, 0xFF, 0xE0, 0x00, 0x00, 0x3F, 0xFF, 0x80,
  0x00, 0x01, 0xFF, 0xFC, 0x00, 0x00, 0x0F, 0xFF, 0xE0, 0x00, 0x00, 0x3F,
  0xFF, 0x00, 0x00, 0x01, 0xFF, 0xF8, 0x00, 0x00, 0x07, 0xFF, 0xFF, 0xFF,
  0xFF, 0xBF, 0xFF, 0xFF, 0xFF, 0xFE, 0xFF, 0xFF, 0xFF, 0xFF, 0xFF, 0xFF,
  0xFF, 0xFF, 0xFF, 0xFF, 0xFF, 0xFF, 0xFF, 0xFF, 0xFF, 0xFF, 0xFF, 0xFF,
  0xFF, 0xFF, 0xFF, 0xFF, 0xFF, 0xFD, 0xFF, 0xFF, 0xFF, 0xFF, 0xF7, 0xFF,
  0xFF, 0xFF, 0xFF, 0x8F, 0xFF, 0xFF, 0xFF, 0xFC, 0x3F, 0xFF, 0xCF, 0xFF,
  0xF9, 0xFF, 0xFF, 0x7F, 0xFF, 0xFF, 0xFF, 0xFF, 0xFF, 0xFF, 0xBF, 0xFF,
  0xF7, 0xFF, 0xFC, 0xFF, 0xE0, 0x1F, 0xFC, 0x03, 0xFF, 0x80, 0x7F, 0xF0,
  0x0F, 0xFE, 0x01, 0xFF, 0xC0, 0x3F, 0xF8, 0x07, 0xFF, 0x00, 0xFF, 0xE0,
  0x1F, 0xFC, 0x03, 0xFF, 0x80, 0x7F, 0xF0, 0x0F, 0xFE, 0x01, 0xFF, 0xC0,
  0x3F, 0xF8, 0x07, 0xFF, 0x00, 0xFF, 0xE0, 0x1F, 0xFC, 0x03, 0xFF, 0x80,
  0x7F, 0xF0, 0x0F, 0xFE, 0x01, 0xFF, 0xC0, 0x3F, 0xF8, 0x07, 0xFF, 0x00,
  0xFF, 0xE0, 0x1F, 0xFC, 0x03, 0xFF, 0x80, 0x7F, 0xF0, 0x0F, 0xFE, 0x01,
  0xFF, 0xC0, 0x3F, 0xF8, 0x07, 0xFF, 0x00, 0xFF, 0xE0, 0x1F, 0xFC, 0x03,
  0xFF, 0x80, 0x7F, 0xF0, 0x0F, 0xFE, 0x01, 0xFF, 0xC0, 0x3F, 0xF8, 0x07,
  0xFF, 0x00, 0xFF, 0xE0, 0x1F, 0xFC, 0x03, 0xFF, 0x80, 0x7F, 0xF0, 0x0F,
  0xFF, 0xFD, 0xFF, 0xFF, 0xBF, 0xFF, 0xF7, 0xFF, 0xFF, 0xFF, 0xFF, 0xFF,
  0xFF, 0xF9, 0xFF, 0xFF, 0x3F, 0xFF, 0xE1, 0xFF, 0xF8, 0x1F, 0xC0, 0x00,
  0x3F, 0xE0, 0x00, 0x3F, 0xF8, 0x00, 0x0F, 0xFC, 0x00, 0x07, 0xFF, 0x00,
  0x03, 0xFF, 0x80, 0x01, 0xFF, 0xC0, 0x00, 0x7F, 0xE0, 0x00, 0x3F, 0xF8,
  0x00, 0x1F, 0xFC, 0x00, 0x07, 0xFE, 0x00, 0x03, 0xFF, 0x80, 0x01, 0xFF,
  0xC0, 0x00, 0xFF, 0xE0, 0x00, 0x3F, 0xF0, 0x00, 0x1F, 0xFC, 0x00, 0x0F,
  0xFE, 0x00, 0x07, 0xFF, 0x00, 0x01, 0xFF, 0x80, 0x00, 0xFF, 0xE0, 0x00,
  0x7F, 0xF0, 0x00, 0x1F, 0xF8, 0x00, 0x0F, 0xFE, 0x00, 0x07, 0xFF, 0x00,
  0x03, 0xFF, 0x80, 0x00, 0xFF, 0xC0, 0x00, 0x7F, 0xF0, 0x00, 0x3F, 0xF8,
  0x00, 0x1F, 0xFC, 0x00, 0x07, 0xFF, 0x00, 0x03, 0xFF, 0x80, 0x01, 0xFF,
  0xC0, 0x00, 0x7F, 0xE0, 0x00, 0x3F, 0xF8, 0x00, 0x1F, 0xFC, 0x00, 0x0F,
  0xFE, 0x00, 0x03, 0xFF, 0x00, 0x01, 0xFF, 0xC0, 0x00, 0xFF, 0xE0, 0x00,
  0x7F, 0xF0, 0x00, 0x1F, 0xFC, 0x00, 0x0F, 0xFE, 0x00, 0x07, 0xFF, 0x00,
  0x01, 0xFF, 0x80, 0x00, 0xFF, 0xE0, 0x00, 0x7F, 0xF0, 0x00, 0x3F, 0xF8,
  0x00, 0x0F, 0xFC, 0x00, 0x07, 0xFF, 0x00, 0x03, 0xFF, 0x80, 0x01, 0xFF,
  0xC0, 0x00, 0x7F, 0xF0, 0x00, 0x3F, 0xF8, 0x00, 0x1F, 0xFC, 0x00, 0x07,
  0xFE, 0x00, 0x01, 0xFC, 0x00, 0x00, 0x30, 0x00, 0x3F, 0xFF, 0x8F, 0xFF,
  0xF9, 0xFF, 0xFF, 0xFF, 0xFF, 0xFF, 0xFF, 0xFE, 0xFF, 0xFF, 0xDF, 0xFF,
  0xFB, 0xFF, 0xFF, 0x00, 0xFF, 0xE0, 0x1F, 0xFC, 0x03, 0xFF, 0x80, 0x7F,
  0xF0, 0x0F, 0xFE, 0x01, 0xFF, 0xC0, 0x3F, 0xF8, 0x07, 0xFF, 0x00, 0xFF,
  0xE0, 0x1F, 0xFC, 0x03, 0xFF, 0x80, 0x7F, 0xF0, 0x0F, 0xFE, 0x01, 0xFF,
  0xC0, 0x3F, 0xF8, 0x07, 0xFF, 0x00, 0xFF, 0xE0, 0x1F, 0xFC, 0x03, 0xFF,
  0x80, 0x7F, 0xF0, 0x0F, 0xFE, 0x01, 0xFF, 0xC0, 0x3F, 0xF8, 0x07, 0xFF,
  0x00, 0xFF, 0xE0, 0x1F, 0xFC, 0x03, 0xFF, 0x80, 0x7F, 0xF0, 0x0F, 0xFE,
  0x01, 0xFF, 0xC0, 0x3F, 0xF8, 0x07, 0xFF, 0x00, 0xFF, 0xE0, 0x1F, 0xFC,
  0x03, 0xFF, 0x80, 0x7F, 0xF0, 0x0F, 0xFE, 0x01, 0xFF, 0xC0, 0x3F, 0xF8,
  0x07, 0xFF, 0x00, 0xFF, 0xE0, 0x1F, 0xFC, 0x03, 0xFF, 0x80, 0x7F, 0xF1,
  0xFF, 0xFE, 0xFF, 0xFF, 0xDF, 0xFF, 0xFB, 0xFF, 0xFF, 0xFF, 0xFF, 0xFF,
  0xFF, 0xFD, 0xFF, 0xFF, 0x3F, 0xFF, 0xE7, 0xFF, 0xF0, 0x00, 0x0F, 0xE0,
  0x00, 0x00, 0x3F, 0xF8, 0x00, 0x00, 0x7F, 0xFC, 0x00, 0x00, 0x7F, 0xFE,
  0x00, 0x00, 0xFF, 0xFE, 0x00, 0x00, 0xFF, 0xFF, 0x00, 0x01, 0xFF, 0xFF,
  0x00, 0x03, 0xFF, 0xFF, 0x80, 0x03, 0xFF, 0xFF, 0x80, 0x07, 0xFF, 0xFF,
  0xC0, 0x07, 0xFE, 0xFF, 0xC0, 0x0F, 0xFE, 0xFF, 0xE0, 0x0F, 0xFC, 0x7F,
  0xE0, 0x0F, 0xFC, 0x7F, 0xE0, 0x1F, 0xFC, 0x7F, 0xF0, 0x1F, 0xF8, 0x3F,
  0xF0, 0x3F, 0xF8, 0x3F, 0xF8, 0x3F, 0xF8, 0x1F, 0xF8, 0x7F, 0xF0, 0x1F,
  0xF8, 0x7F, 0xF0, 0x1F, 0xFC, 0x7F, 0xE0, 0x0F, 0xFC, 0xFF, 0xE0, 0x0F,
  0xFE, 0xFF, 0xE0, 0x07, 0xFE, 0xFF, 0xE0, 0x07, 0xFE, 0xFF, 0xC0, 0x07,
  0xFF, 0x7F, 0xC0, 0x03, 0xFE, 0x7F, 0xC0, 0x01, 0xFC, 0x1F, 0xFF, 0xFF,
  0xFF, 0xFC, 0xFF, 0xFF, 0xFF, 0xFF, 0xFB, 0xFF, 0xFF, 0xFF, 0xFF, 0xFF,
  0xFF, 0xFF, 0xFF, 0xFF, 0xFF, 0xFF, 0xFF, 0xFF, 0xFF, 0xFF, 0xFF, 0xFF,
  0xFF, 0xFF, 0xFF, 0xFF, 0xFF, 0xFF, 0xFF, 0xFF, 0xFF, 0xFF, 0xFF, 0xFE,
  0x7F, 0xFF, 0xFF, 0xFF, 0xFC, 0x3F, 0x00, 0x3F, 0xC0, 0x3F, 0xF0, 0x1F,
  0xFC, 0x0F, 0xFF, 0x07, 0xFF, 0xC3, 0xFF, 0xF0, 0xFF, 0xF8, 0x3F, 0xFE,
  0x0F, 0xFF, 0x83, 0xFF, 0xE0, 0xFF, 0xF0, 0x3F, 0xF8, 0x0F, 0xF8, 0x01,
  0xF8, 0x00, 0x30, 0x00, 0x03, 0xFC, 0x00, 0x00, 0x1F, 0xFF, 0xF8, 0x00,
  0x1F, 0xFF, 0xFF, 0xE0, 0x07, 0xFF, 0xFF, 0xFE, 0x01, 0xFF, 0xFF, 0xFF,
  0xF0, 0x3F, 0xFF, 0xFF, 0xFF, 0x07, 0xFF, 0xFF, 0xFF, 0xE0, 0xFF, 0xFF,
  0xFF, 0xFE, 0x1F, 0xFF, 0xFF, 0xFF, 0xC3, 0xFE, 0x01, 0xFF, 0xFC, 0x3C,
  0x00, 0x0F, 0xFF, 0x80, 0x00, 0x00, 0xFF, 0xF0, 0x00, 0x00, 0x0F, 0xFE,
  0x00, 0x00, 0x01, 0xFF, 0xC0, 0x00, 0x00, 0x3F, 0xF8, 0x00, 0x00, 0x7F,
  0xFF, 0x00, 0x1F, 0xFF, 0xFF, 0xE0, 0x3F, 0xFF, 0xFF, 0xFC, 0x1F, 0xFF,
  0xFF, 0xFF, 0x87, 0xFF, 0xFF, 0xFF, 0xF1, 0xFF, 0xFF, 0xFF, 0xFE, 0x7F,
  0xFF, 0xFF, 0xFF, 0xCF, 0xFF, 0xFF, 0xFF, 0xFB, 0xFF, 0xFC, 0x07, 0xFF,
  0x7F, 0xF8, 0x00, 0xFF, 0xEF, 0xFE, 0x00, 0x1F, 0xFD, 0xFF, 0xC0, 0x03,
  0xFF, 0xFF, 0xF8, 0x00, 0x7F, 0xF7, 0xFF, 0x00, 0x0F, 0xFE, 0xFF, 0xE0,
  0x01, 0xFF, 0xDF, 0xFE, 0x00, 0x3F, 0xFB, 0xFF, 0xFC, 0xFF, 0xFF, 0x7F,
  0xFF, 0xFF, 0xFF, 0xE7, 0xFF, 0xFF, 0xFF, 0xFC, 0xFF, 0xFF, 0xFF, 0xFF,
  0x8F, 0xFF, 0xFF, 0xFF, 0xE0, 0xFF, 0xFF, 0xFF, 0xF8, 0x07, 0xFF, 0xFF,
  0xFC, 0x00, 0x3F, 0xFF, 0xFE, 0x00, 0x00, 0xFF, 0xFE, 0x00, 0x3E, 0x00,
  0x00, 0x00, 0x03, 0xFF, 0x00, 0x00, 0x00, 0x0F, 0xFE, 0x00, 0x00, 0x00,
  0x3F, 0xF8, 0x00, 0x00, 0x00, 0xFF, 0xE0, 0x00, 0x00, 0x03, 0xFF, 0x80,
  0x00, 0x00, 0x0F, 0xFE, 0x00, 0x00, 0x00, 0x3F, 0xF8, 0x00, 0x00, 0x00,
  0xFF, 0xE0, 0x00, 0x00, 0x03, 0xFF, 0x80, 0x00, 0x00, 0x0F, 0xFE, 0x00,
  0x00, 0x00, 0x3F, 0xF8, 0x00, 0x00, 0x00, 0xFF, 0xE0, 0x00, 0x00, 0x03,
  0xFF, 0x83, 0xF8, 0x00, 0x0F, 0xFE, 0x7F, 0xFE, 0x00, 0x3F, 0xFF, 0xFF,
  0xFE, 0x00, 0xFF, 0xFF, 0xFF, 0xFC, 0x03, 0xFF, 0xFF, 0xFF, 0xFC, 0x0F,
  0xFF, 0xFF, 0xFF, 0xF8, 0x3F, 0xFF, 0xFF, 0xFF, 0xF0, 0xFF, 0xFF, 0xFF,
  0xFF, 0xC3, 0xFF, 0xFF, 0xFF, 0xFF, 0x8F, 0xFF, 0xF3, 0xFF, 0xFE, 0x3F,
  0xFE, 0x00, 0xFF, 0xFC, 0xFF, 0xE0, 0x01, 0xFF, 0xF3, 0xFF, 0x80, 0x03,
  0xFF, 0xEF, 0xFE, 0x00, 0x07, 0xFF, 0xBF, 0xF8, 0x00, 0x1F, 0xFE, 0xFF,
  0xE0, 0x00, 0x7F, 0xFB, 0xFF, 0x80, 0x01, 0xFF, 0xEF, 0xFE, 0x00, 0x03,
  0xFF, 0xFF, 0xF8, 0x00, 0x0F, 0xFF, 0xFF, 0xE0, 0x00, 0x3F, 0xFF, 0xFF,
  0x80, 0x00, 0xFF, 0xFF, 0xFE, 0x00, 0x03, 0xFF, 0xFF, 0xF8, 0x00, 0x0F,
  0xFF, 0xFF, 0xE0, 0x00, 0x7F, 0xFB, 0xFF, 0x80, 0x01, 0xFF, 0xEF, 0xFE,
  0x00, 0x07, 0xFF, 0xBF, 0xF8, 0x00, 0x1F, 0xFE, 0xFF, 0xE0, 0x00, 0xFF,
  0xFB, 0xFF, 0x80, 0x07, 0xFF, 0xCF, 0xFE, 0x00, 0x3F, 0xFF, 0x3F, 0xFF,
  0x03, 0xFF, 0xF8, 0xFF, 0xFF, 0xFF, 0xFF, 0xE3, 0xFF, 0xFF, 0xFF, 0xFF,
  0x0F, 0xFF, 0xFF, 0xFF, 0xF8, 0x1F, 0xFF, 0xFF, 0xFF, 0xE0, 0x3F, 0xFF,
  0xFF, 0xFF, 0x00, 0x7F, 0xFF, 0xFF, 0xF0, 0x00, 0x7F, 0xFF, 0xFF, 0x80,
  0x00, 0x7F, 0xFF, 0xF8, 0x00, 0x00, 0x3F, 0xFE, 0x00, 0x00, 0x00, 0x00,
  0x7E, 0x00, 0x00, 0x0F, 0xFF, 0xE0, 0x00, 0x3F, 0xFF, 0xF8, 0x00, 0xFF,
  0xFF, 0xFC, 0x01, 0xFF, 0xFF, 0xFE, 0x03, 0xFF, 0xFF, 0xFF, 0x07, 0xFF,
  0xFF, 0xFF, 0x0F, 0xFF, 0xFF, 0xFF, 0x1F, 0xFF, 0xFF, 0xFF, 0x3F, 0xFF,
  0xFB, 0xFE, 0x3F, 0xFF, 0x80, 0x1E, 0x7F, 0xFF, 0x00, 0x04, 0x7F, 0xFC,
  0x00, 0x00, 0x7F, 0xF8, 0x00, 0x00, 0xFF, 0xF8, 0x00, 0x00, 0xFF, 0xF0,
  0x00, 0x00, 0xFF, 0xF0, 0x00, 0x00, 0xFF, 0xF0, 0x00, 0x00, 0xFF, 0xF0,
  0x00, 0x00, 0xFF, 0xF0, 0x00, 0x00, 0xFF, 0xF0, 0x00, 0x00, 0xFF, 0xF0,
  0x00, 0x00, 0xFF, 0xF0, 0x00, 0x00, 0xFF, 0xF0, 0x00, 0x00, 0xFF, 0xF0,
  0x00, 0x00, 0xFF, 0xF8, 0x00, 0x00, 0xFF, 0xF8, 0x00, 0x00, 0x7F, 0xFC,
  0x00, 0x00, 0x7F, 0xFE, 0x00, 0x00, 0x7F, 0xFF, 0x00, 0x0C, 0x3F, 0xFF,
  0xC0, 0x7E, 0x3F, 0xFF, 0xFF, 0xFF, 0x1F, 0xFF, 0xFF, 0xFF, 0x0F, 0xFF,
  0xFF, 0xFF, 0x07, 0xFF, 0xFF, 0xFF, 0x03, 0xFF, 0xFF, 0xFF, 0x01, 0xFF,
  0xFF, 0xFE, 0x00, 0x7F, 0xFF, 0xFC, 0x00, 0x1F, 0xFF, 0xF8, 0x00, 0x03,
  0xFF, 0xC0, 0x00, 0x00, 0x00, 0x0F, 0x80, 0x00, 0x00, 0x00, 0xFF, 0xC0,
  0x00, 0x00, 0x03, 0xFF, 0x80, 0x00, 0x00, 0x0F, 0xFE, 0x00, 0x00, 0x00,
  0x3F, 0xF8, 0x00, 0x00, 0x00, 0xFF, 0xE0, 0x00, 0x00, 0x03, 0xFF, 0xC0,
  0x00, 0x00, 0x0F, 0xFF, 0x00, 0x00, 0x00, 0x3F, 0xFC, 0x00, 0x00, 0x00,
  0xFF, 0xF0, 0x00, 0x00, 0x03, 0xFF, 0xC0, 0x00, 0x00, 0x0F, 0xFF, 0x00,
  0x00, 0x00, 0x3F, 0xFC, 0x00, 0x03, 0xF8, 0xFF, 0xF0, 0x00, 0xFF, 0xFF,
  0xFF, 0xC0, 0x1F, 0xFF, 0xFF, 0xFF, 0x00, 0xFF, 0xFF, 0xFF, 0xFC, 0x0F,
  0xFF, 0xFF, 0xFF, 0xF0, 0x7F, 0xFF, 0xFF, 0xFF, 0xC3, 0xFF, 0xFF, 0xFF,
  0xFF, 0x1F, 0xFF, 0xFF, 0xFF, 0xFC, 0x7F, 0xFF, 0xFF, 0xFF, 0xF3, 0xFF,
  0xFF, 0x3F, 0xFF, 0xCF, 0xFF, 0xC0, 0x0F, 0xFF, 0x7F, 0xFE, 0x00, 0x3F,
  0xFD, 0xFF, 0xF0, 0x00, 0xFF, 0xF7, 0xFF, 0x80, 0x03, 0xFF, 0xFF, 0xFE,
  0x00, 0x0F, 0xFF, 0xFF, 0xF0, 0x00, 0x3F, 0xFF, 0xFF, 0xC0, 0x00, 0xFF,
  0xFF, 0xFF, 0x00, 0x03, 0xFF, 0xFF, 0xFC, 0x00, 0x0F, 0xFF, 0xFF, 0xF0,
  0x00, 0x3F, 0xFF, 0xFF, 0xC0, 0x00, 0xFF, 0xFF, 0xFF, 0x00, 0x03, 0xFF,
  0xFF, 0xFC, 0x00, 0x0F, 0xFF, 0xFF, 0xF0, 0x00, 0x3F, 0xFF, 0xFF, 0xC0,
  0x00, 0xFF, 0xFF, 0xFF, 0x00, 0x03, 0xFF, 0xFF, 0xFE, 0x00, 0x0F, 0xFF,
  0x7F, 0xF8, 0x00, 0x3F, 0xFD, 0xFF, 0xF0, 0x00, 0xFF, 0xF7, 0xFF, 0xE0,
  0x03, 0xFF, 0xCF, 0xFF, 0xE0, 0x3F, 0xFF, 0x3F, 0xFF, 0xFF, 0xFF, 0xFC,
  0x7F, 0xFF, 0xFF, 0xFF, 0xE0, 0xFF, 0xFF, 0xFF, 0xFF, 0x81, 0xFF, 0xFF,
  0xFF, 0xFE, 0x03, 0xFF, 0xFF, 0xFF, 0xF0, 0x07, 0xFF, 0xFF, 0xFF, 0x00,
  0x07, 0xFF, 0xFF, 0xF8, 0x00, 0x07, 0xFF, 0xFF, 0x80, 0x00, 0x03, 0xFF,
  0xE0, 0x00, 0x00, 0x01, 0xFC, 0x00, 0x00, 0x00, 0x7F, 0xFE, 0x00, 0x00,
  0x1F, 0xFF, 0xFE, 0x00, 0x01, 0xFF, 0xFF, 0xF8, 0x00, 0x3F, 0xFF, 0xFF,
  0xE0, 0x03, 0xFF, 0xFF, 0xFF, 0x80, 0x3F, 0xFF, 0xFF, 0xFE, 0x03, 0xFF,
  0xFF, 0xFF, 0xF8, 0x1F, 0xFF, 0xFF, 0xFF, 0xE1, 0xFF, 0xF8, 0x1F, 0xFF,
  0x0F, 0xFF, 0x00, 0x3F, 0xFC, 0xFF, 0xF0, 0x00, 0xFF, 0xE7, 0xFF, 0x00,
  0x07, 0xFF, 0x7F, 0xF8, 0x00, 0x1F, 0xFF, 0xFF, 0x80, 0x00, 0xFF, 0xFF,
  0xFC, 0x00, 0xFF, 0xFF, 0xFF, 0xE1, 0xFF, 0xFF, 0xFF, 0xFF, 0xFF, 0xFF,
  0xFF, 0xFF, 0xFF, 0xFF, 0xFF, 0xFF, 0xFF, 0xFF, 0xFF, 0xFF, 0xEF, 0xFF,
  0xFF, 0xFF, 0xFE, 0x7F, 0xFF, 0xFF, 0xFF, 0xE3, 0xFF, 0xFF, 0xFF, 0xC0,
  0x1F, 0xFF, 0xFF, 0x80, 0x00, 0xFF, 0xFE, 0x00, 0x00, 0x07, 0xFF, 0x00,
  0x00, 0x00, 0x1F, 0xFC, 0x00, 0x00, 0x00, 0xFF, 0xE0, 0x00, 0x00, 0x07,
  0xFF, 0x80, 0x00, 0x08, 0x1F, 0xFF, 0x00, 0x01, 0xE0, 0xFF, 0xFE, 0x00,
  0x3F, 0x03, 0xFF, 0xFF, 0xFF, 0xFC, 0x1F, 0xFF, 0xFF, 0xFF, 0xE0, 0x7F,
  0xFF, 0xFF, 0xFF, 0x01, 0xFF, 0xFF, 0xFF, 0xF8, 0x07, 0xFF, 0xFF, 0xFF,
  0xC0, 0x0F, 0xFF, 0xFF, 0xFC, 0x00, 0x3F, 0xFF, 0xFF, 0xC0, 0x00, 0x7F,
  0xFF, 0xF8, 0x00, 0x00, 0x3F, 0xFE, 0x00, 0x00, 0x1F, 0xFC, 0x00, 0x1F,
  0xFF, 0xF0, 0x0F, 0xFF, 0xFF, 0x07, 0xFF, 0xFF, 0xF1, 0xFF, 0xFF, 0xFE,
  0x7F, 0xFF, 0xFF, 0xCF, 0xFF, 0xFF, 0xFB, 0xFF, 0xFF, 0xFF, 0x7F, 0xFF,
  0xFF, 0xFF, 0xFF, 0xC0, 0x7B, 0xFF, 0xE0, 0x00, 0x7F, 0xF8, 0x00, 0x0F,
  0xFE, 0x00, 0x01, 0xFF, 0xC0, 0x00, 0x3F, 0xF8, 0x00, 0x07, 0xFF, 0x00,
  0x00, 0xFF, 0xE0, 0x00, 0x1F, 0xFC, 0x00, 0x03, 0xFF, 0xFF, 0xFC, 0x7F,
  0xFF, 0xFF, 0xCF, 0xFF, 0xFF, 0xF9, 0xFF, 0xFF, 0xFF, 0x3F, 0xFF, 0xFF,
  0xE7, 0xFF, 0xFF, 0xFC, 0xFF, 0xFF, 0xFF, 0x9F, 0xFF, 0xFF, 0xF3, 0xFF,
  0xFF, 0xFC, 0x7F, 0xF0, 0x00, 0x0F, 0xFE, 0x00, 0x01, 0xFF, 0xC0, 0x00,
  0x3F, 0xF8, 0x00, 0x07, 0xFF, 0x00, 0x00, 0xFF, 0xE0, 0x00, 0x1F, 0xFC,
  0x00, 0x03, 0xFF, 0x80, 0x00, 0x7F, 0xF0, 0x00, 0x0F, 0xFE, 0x00, 0x01,
  0xFF, 0xC0, 0x00, 0x3F, 0xF8, 0x00, 0x07, 0xFF, 0x00, 0x00, 0xFF, 0xE0,
  0x00, 0x1F, 0xFC, 0x00, 0x03, 0xFF, 0x80, 0x00, 0x7F, 0xF0, 0x00, 0x0F,
  0xFE, 0x00, 0x01, 0xFF, 0xC0, 0x00, 0x3F, 0xF8, 0x00, 0x07, 0xFF, 0x00,
  0x00, 0xFF, 0xE0, 0x00, 0x1F, 0xFC, 0x00, 0x03, 0xFF, 0x80, 0x00, 0x7F,
  0xF0, 0x00, 0x07, 0xFE, 0x00, 0x00, 0x06, 0x00, 0x00, 0x00, 0x00, 0x00,
  0xFE, 0x00, 0x00, 0x01, 0xFF, 0xFF, 0x00, 0x00, 0x7F, 0xFF, 0xFC, 0x00,
  0x1F, 0xFF, 0xFF, 0xF8, 0x03, 0xFF, 0xFF, 0xFF, 0xC0, 0x7F, 0xFF, 0xFF,
  0xFE, 0x0F, 0xFF, 0xFF, 0xFF, 0xF1, 0xFF, 0xFF, 0xFF, 0xFF, 0x3F, 0xFF,
  0xFF, 0xFF, 0xF3, 0xFF, 0xFC, 0x7F, 0xFF, 0x7F, 0xFE, 0x00, 0x7F, 0xF7,
  0xFF, 0xC0, 0x07, 0xFF, 0x7F, 0xF8, 0x00, 0x7F, 0xFF, 0xFF, 0x00, 0x07,
  0xFF, 0xFF, 0xF0, 0x00, 0x7F, 0xFF, 0xFF, 0x00, 0x07, 0xFF, 0xFF, 0xF0,
  0x00, 0x7F, 0xFF, 0xFE, 0x00, 0x07, 0xFF, 0xFF, 0xE0, 0x00, 0x7F, 0xFF,
  0xFE, 0x00, 0x07, 0xFF, 0xFF, 0xE0, 0x00, 0x7F, 0xFF, 0xFE, 0x00, 0x07,
  0xFF, 0xFF, 0xF0, 0x00, 0x7F, 0xFF, 0xFF, 0x00, 0x07, 0xFF, 0xFF, 0xF0,
  0x00, 0x7F, 0xFF, 0xFF, 0x80, 0x07, 0xFF, 0x7F, 0xF8, 0x00, 0x7F, 0xF7,
  0xFF, 0xE0, 0x0F, 0xFF, 0x7F, 0xFF, 0x83, 0xFF, 0xF3, 0xFF, 0xFF, 0xFF,
  0xFF, 0x3F, 0xFF, 0xFF, 0xFF, 0xF1, 0xFF, 0xFF, 0xFF, 0xFF, 0x0F, 0xFF,
  0xFF, 0xFF, 0xF0, 0x7F, 0xFF, 0xFF, 0xFF, 0x03, 0xFF, 0xFF, 0xFF, 0xF0,
  0x0F, 0xFF, 0xFF, 0xFF, 0x00, 0x3F, 0xFF, 0x7F, 0xF0, 0x00, 0x04, 0x07,
  0xFF, 0x00, 0x00, 0x00, 0x7F, 0xF0, 0x00, 0x00, 0x07, 0xFF, 0x00, 0x00,
  0x00, 0x7F, 0xF0, 0x00, 0x00, 0x07, 0xFF, 0x08, 0x00, 0x00, 0xFF, 0xF1,
  0xE0, 0x00, 0x1F, 0xFF, 0x1F, 0x80, 0x07, 0xFF, 0xE3, 0xFF, 0xFF, 0xFF,
  0xFE, 0x3F, 0xFF, 0xFF, 0xFF, 0xC3, 0xFF, 0xFF, 0xFF, 0xFC, 0x3F, 0xFF,
  0xFF, 0xFF, 0x81, 0xFF, 0xFF, 0xFF, 0xF0, 0x1F, 0xFF, 0xFF, 0xFE, 0x00,
  0xFF, 0xFF, 0xFF, 0xC0, 0x03, 0xFF, 0xFF, 0xF0, 0x00, 0x0F, 0xFF, 0xF8,
  0x00, 0x00, 0x01, 0xD0, 0x00, 0x00, 0x3E, 0x00, 0x00, 0x00, 0x0F, 0xFC,
  0x00, 0x00, 0x00, 0xFF, 0xE0, 0x00, 0x00, 0x0F, 0xFE, 0x00, 0x00, 0x00,
  0xFF, 0xE0, 0x00, 0x00, 0x0F, 0xFE, 0x00, 0x00, 0x00, 0xFF, 0xE0, 0x00,
  0x00, 0x0F, 0xFE, 0x00, 0x00, 0x00, 0xFF, 0xE0, 0x00, 0x00, 0x0F, 0xFE,
  0x00, 0x00, 0x00, 0xFF, 0xE0, 0x00, 0x00, 0x0F, 0xFE, 0x00, 0x00, 0x00,
  0xFF, 0xE0, 0x00, 0x00, 0x0F, 0xFE, 0x0F, 0xE0, 0x00, 0xFF, 0xE7, 0xFF,
  0xE0, 0x0F, 0xFF, 0xFF, 0xFF, 0x80, 0xFF, 0xFF, 0xFF, 0xFE, 0x0F, 0xFF,
  0xFF, 0xFF, 0xF0, 0xFF, 0xFF, 0xFF, 0xFF, 0x8F, 0xFF, 0xFF, 0xFF, 0xF8,
  0xFF, 0xFF, 0xFF, 0xFF, 0xCF, 0xFF, 0xFF, 0xFF, 0xFC, 0xFF, 0xFF, 0x3F,
  0xFF, 0xEF, 0xFF, 0x80, 0x3F, 0xFE, 0xFF, 0xE0, 0x01, 0xFF, 0xEF, 0xFE,
  0x00, 0x1F, 0xFE, 0xFF, 0xE0, 0x00, 0xFF, 0xFF, 0xFE, 0x00, 0x0F, 0xFF,
  0xFF, 0xE0, 0x00, 0xFF, 0xFF, 0xFE, 0x00, 0x0F, 0xFF, 0xFF, 0xE0, 0x00,
  0xFF, 0xFF, 0xFE, 0x00, 0x0F, 0xFF, 0xFF, 0xE0, 0x00, 0xFF, 0xFF, 0xFE,
  0x00, 0x0F, 0xFF, 0xFF, 0xE0, 0x00, 0xFF, 0xFF, 0xFE, 0x00, 0x0F, 0xFF,
  0xFF, 0xE0, 0x00, 0xFF, 0xFF, 0xFE, 0x00, 0x0F, 0xFF, 0xFF, 0xE0, 0x00,
  0xFF, 0xFF, 0xFE, 0x00, 0x0F, 0xFF, 0xFF, 0xE0, 0x00, 0xFF, 0xFF, 0xFE,
  0x00, 0x0F, 0xFF, 0xFF, 0xE0, 0x00, 0xFF, 0xFF, 0xFE, 0x00, 0x0F, 0xFF,
  0xFF, 0xE0, 0x00, 0xFF, 0xFF, 0xFE, 0x00, 0x0F, 0xFF, 0xFF, 0xE0, 0x00,
  0xFF, 0xFF, 0xFE, 0x00, 0x0F, 0xFF, 0xFF, 0xE0, 0x00, 0xFF, 0xFF, 0xFE,
  0x00, 0x0F, 0xFF, 0xFF, 0xE0, 0x00, 0x7F, 0xF7, 0xFE, 0x00, 0x03, 0xFF,
  0x03, 0x00, 0x00, 0x02, 0x00, 0x03, 0x00, 0xFF, 0x0F, 0xFC, 0xFF, 0xEF,
  0xFF, 0xFF, 0xFF, 0xFF, 0xFF, 0xFF, 0xFF, 0xFB, 0xFF, 0x9F, 0xFC, 0x7F,
  0xC0, 0xF8, 0x00, 0x00, 0x00, 0x00, 0x00, 0x00, 0x01, 0xFC, 0x1F, 0xF8,
  0xFF, 0xE7, 0xFF, 0x3F, 0xF9, 0xFF, 0xCF, 0xFE, 0x7F, 0xF3, 0xFF, 0x9F,
  0xFC, 0xFF, 0xE7, 0xFF, 0x3F, 0xF9, 0xFF, 0xCF, 0xFE, 0x7F, 0xF3, 0xFF,
  0x9F, 0xFC, 0xFF, 0xE7, 0xFF, 0x3F, 0xF9, 0xFF, 0xCF, 0xFE, 0x7F, 0xF3,
  0xFF, 0x9F, 0xFC, 0xFF, 0xE7, 0xFF, 0x3F, 0xF9, 0xFF, 0xCF, 0xFE, 0x7F,
  0xF3, 0xFF, 0x9F, 0xFC, 0xFF, 0xE7, 0xFF, 0x1F, 0xF8, 0x7F, 0xC0, 0x20,
  0x00, 0x30, 0x00, 0xFF, 0x00, 0xFF, 0xC0, 0xFF, 0xE0, 0x7F, 0xF8, 0x7F,
  0xFC, 0x3F, 0xFE, 0x1F, 0xFF, 0x0F, 0xFF, 0x83, 0xFF, 0xC0, 0xFF, 0xC0,
  0x7F, 0xC0, 0x0F, 0x80, 0x00, 0x00, 0x00, 0x00, 0x00, 0x00, 0x00, 0x00,
  0x00, 0xFC, 0x01, 0xFF, 0xC0, 0xFF, 0xE0, 0x7F, 0xF8, 0x3F, 0xFC, 0x1F,
  0xFE, 0x0F, 0xFF, 0x07, 0xFF, 0x83, 0xFF, 0xC1, 0xFF, 0xE0, 0xFF, 0xF0,
  0x7F, 0xF8, 0x3F, 0xFC, 0x1F, 0xFE, 0x0F, 0xFF, 0x07, 0xFF, 0x83, 0xFF,
  0xC1, 0xFF, 0xE0, 0xFF, 0xF0, 0x7F, 0xF8, 0x3F, 0xFC, 0x1F, 0xFE, 0x0F,
  0xFF, 0x07, 0xFF, 0x83, 0xFF, 0xC1, 0xFF, 0xE0, 0xFF, 0xF0, 0x7F, 0xF8,
  0x3F, 0xFC, 0x1F, 0xFE, 0x0F, 0xFF, 0x07, 0xFF, 0x83, 0xFF, 0xC1, 0xFF,
  0xE0, 0xFF, 0xF0, 0x7F, 0xF8, 0x3F, 0xFC, 0x1F, 0xFE, 0x0F, 0xFF, 0x07,
  0xFF, 0x83, 0xFF, 0xC1, 0xFF, 0xE1, 0xFF, 0xF0, 0xFF, 0xF8, 0xFF, 0xF8,
  0xFF, 0xFD, 0xFF, 0xFE, 0xFF, 0xFE, 0x7F, 0xFF, 0x3F, 0xFF, 0x0F, 0xFF,
  0x03, 0xFF, 0x00, 0xFE, 0x00, 0x3E, 0x00, 0x00, 0x00, 0x1F, 0xF8, 0x00,
  0x00, 0x03, 0xFF, 0x80, 0x00, 0x00, 0x7F, 0xF0, 0x00, 0x00, 0x0F, 0xFE,
  0x00, 0x00, 0x01, 0xFF, 0xC0, 0x00, 0x00, 0x3F, 0xF8, 0x00, 0x00, 0x07,
  0xFF, 0x00, 0x00, 0x00, 0xFF, 0xE0, 0x00, 0x00, 0x1F, 0xFC, 0x00, 0x00,
  0x03, 0xFF, 0x80, 0x00, 0x00, 0x7F, 0xF0, 0x00, 0x00, 0x0F, 0xFE, 0x00,
  0x00, 0x01, 0xFF, 0xC0, 0x00, 0x00, 0x3F, 0xF8, 0x00, 0x1F, 0x07, 0xFF,
  0x00, 0x07, 0xF0, 0xFF, 0xE0, 0x01, 0xFF, 0x1F, 0xFC, 0x00, 0x7F, 0xF3,
  0xFF, 0x80, 0x1F, 0xFE, 0x7F, 0xF0, 0x07, 0xFF, 0xCF, 0xFE, 0x01, 0xFF,
  0xF9, 0xFF, 0xC0, 0x7F, 0xFF, 0x3F, 0xF8, 0x1F, 0xFF, 0xC7, 0xFF, 0x07,
  0xFF, 0xF8, 0xFF, 0xE1, 0xFF, 0xFE, 0x1F, 0xFC, 0x7F, 0xFF, 0x83, 0xFF,
  0x9F, 0xFF, 0xC0, 0x7F, 0xF7, 0xFF, 0xF0, 0x0F, 0xFF, 0xFF, 0xFC, 0x01,
  0xFF, 0xFF, 0xFF, 0x00, 0x3F, 0xFF, 0xFF, 0xC0, 0x07, 0xFF, 0xFF, 0xF0,
  0x00, 0xFF, 0xFF, 0xF8, 0x00, 0x1F, 0xFF, 0xFF, 0x80, 0x03, 0xFF, 0xFF,
  0xF8, 0x00, 0x7F, 0xFF, 0xFF, 0x80, 0x0F, 0xFF, 0xFF, 0xF8, 0x01, 0xFF,
  0xDF, 0xFF, 0x80, 0x3F, 0xF9, 0xFF, 0xF8, 0x07, 0xFF, 0x1F, 0xFF, 0x80,
  0xFF, 0xE1, 0xFF, 0xF8, 0x1F, 0xFC, 0x3F, 0xFF, 0x83, 0xFF, 0x83, 0xFF,
  0xF8, 0x7F, 0xF0, 0x3F, 0xFF, 0x8F, 0xFE, 0x03, 0xFF, 0xF9, 0xFF, 0xC0,
  0x3F, 0xFF, 0xBF, 0xF8, 0x03, 0xFF, 0xFF, 0xFF, 0x00, 0x7F, 0xFF, 0xFF,
  0xE0, 0x07, 0xFF, 0xDF, 0xFC, 0x00, 0x7F, 0xFB, 0xFF, 0x80, 0x07, 0xFE,
  0x3F, 0xF0, 0x00, 0x3F, 0x80, 0x30, 0x00, 0x00, 0x80, 0x1E, 0x0F, 0xFC,
  0xFF, 0xEF, 0xFE, 0xFF, 0xFF, 0xFF, 0xFF, 0xFF, 0xFF, 0xFF, 0xFF, 0xFF,
  0xFF, 0xFF, 0xFF, 0xFF, 0xFF, 0xFF, 0xFF, 0xFF, 0xFF, 0xFF, 0xFF, 0xFF,
  0xFF, 0xFF, 0xFF, 0xFF, 0xFF, 0xFF, 0xFF, 0xFF, 0xFF, 0xFF, 0xFF, 0xFF,
  0xFF, 0xFF, 0xFF, 0xFF, 0xFF, 0xFF, 0xFF, 0xFF, 0xFF, 0xFF, 0xFF, 0xFF,
  0xFF, 0xFF, 0xFF, 0xFF, 0xFF, 0xFF, 0xFF, 0xFF, 0xFF, 0xFF, 0xFF, 0xFF,
  0xFF, 0xFF, 0xFF, 0xFF, 0xFF, 0xFF, 0xFF, 0xFF, 0xFF, 0xFF, 0xFF, 0xFF,
  0x7F, 0xF3, 0xFF, 0x02, 0x00, 0x00, 0x07, 0xF0, 0x00, 0x03, 0xF0, 0x00,
  0x00, 0x7F, 0xFF, 0x00, 0x7F, 0xFF, 0x00, 0x03, 0xFF, 0xFF, 0xC1, 0xFF,
  0xFF, 0xC0, 0x0F, 0xFF, 0xFF, 0xF7, 0xFF, 0xFF, 0xF0, 0x3F, 0xFF, 0xFF,
  0xFF, 0xFF, 0xFF, 0xF8, 0x7F, 0xFF, 0xFF, 0xFF, 0xFF, 0xFF, 0xFC, 0xFF,
  0xFF, 0xFF, 0xFF, 0xFF, 0xFF, 0xFC, 0xFF, 0xFF, 0xFF, 0xFF, 0xFF, 0xFF,
  0xFE, 0xFF, 0xFF, 0xFF, 0xFF, 0xFF, 0xFF, 0xFE, 0xFF, 0xFE, 0x7F, 0xFF,
  0xFC, 0xFF, 0xFF, 0xFF, 0xF0, 0x0F, 0xFF, 0xE0, 0x1F, 0xFF, 0xFF, 0xE0,
  0x07, 0xFF, 0xC0, 0x0F, 0xFF, 0xFF, 0xE0, 0x03, 0xFF, 0xC0, 0x0F, 0xFF,
  0xFF, 0xE0, 0x03, 0xFF, 0xC0, 0x07, 0xFF, 0xFF, 0xE0, 0x03, 0xFF, 0xC0,
  0x07, 0xFF, 0xFF, 0xE0, 0x03, 0xFF, 0xC0, 0x07, 0xFF, 0xFF, 0xE0, 0x03,
  0xFF, 0xC0, 0x07, 0xFF, 0xFF, 0xE0, 0x03, 0xFF, 0xC0, 0x07, 0xFF, 0xFF,
  0xE0, 0x03, 0xFF, 0xC0, 0x07, 0xFF, 0xFF, 0xE0, 0x03, 0xFF, 0xC0, 0x07,
  0xFF, 0xFF, 0xE0, 0x03, 0xFF, 0xC0, 0x07, 0xFF, 0xFF, 0xE0, 0x03, 0xFF,
  0xC0, 0x07, 0xFF, 0xFF, 0xE0, 0x03, 0xFF, 0xC0, 0x07, 0xFF, 0xFF, 0xE0,
  0x03, 0xFF, 0xC0, 0x07, 0xFF, 0xFF, 0xE0, 0x03, 0xFF, 0xC0, 0x07, 0xFF,
  0xFF, 0xE0, 0x03, 0xFF, 0xC0, 0x07, 0xFF, 0xFF, 0xE0, 0x03, 0xFF, 0xC0,
  0x07, 0xFF, 0xFF, 0xE0, 0x03, 0xFF, 0xC0, 0x07, 0xFF, 0xFF, 0xE0, 0x03,
  0xFF, 0xC0, 0x07, 0xFF, 0xFF, 0xE0, 0x03, 0xFF, 0xC0, 0x07, 0xFF, 0xFF,
  0xE0, 0x03, 0xFF, 0xC0, 0x07, 0xFF, 0xFF, 0xE0, 0x03, 0xFF, 0xC0, 0x07,
  0xFF, 0xFF, 0xE0, 0x03, 0xFF, 0xC0, 0x07, 0xFF, 0xFF, 0xE0, 0x03, 0xFF,
  0xC0, 0x07, 0xFF, 0xFF, 0xE0, 0x03, 0xFF, 0xC0, 0x07, 0xFF, 0xFF, 0xE0,
  0x03, 0xFF, 0xC0, 0x07, 0xFF, 0xFF, 0xE0, 0x03, 0xFF, 0xC0, 0x07, 0xFF,
  0xFF, 0xE0, 0x01, 0xFF, 0xC0, 0x07, 0xFF, 0x7F, 0xE0, 0x00, 0xFF, 0xC0,
  0x03, 0xFF, 0x0E, 0x00, 0x00, 0x08, 0x00, 0x00, 0x58, 0x00, 0x03, 0xFC,
  0x00, 0x00, 0x07, 0xFF, 0xFC, 0x00, 0x03, 0xFF, 0xFF, 0xF8, 0x00, 0xFF,
  0xFF, 0xFF, 0xC0, 0x3F, 0xFF, 0xFF, 0xFF, 0x07, 0xFF, 0xFF, 0xFF, 0xF0,
  0xFF, 0xFF, 0xFF, 0xFF, 0x8F, 0xFF, 0xFF, 0xFF, 0xFC, 0xFF, 0xFF, 0xFF,
  0xFF, 0xCF, 0xFF, 0xF1, 0xFF, 0xFE, 0xFF, 0xF0, 0x03, 0xFF, 0xEF, 0xFE,
  0x00, 0x1F, 0xFE, 0xFF, 0xE0, 0x01, 0xFF, 0xEF, 0xFE, 0x00, 0x0F, 0xFE,
  0xFF, 0xE0, 0x00, 0xFF, 0xEF, 0xFE, 0x00, 0x0F, 0xFF, 0xFF, 0xE0, 0x00,
  0xFF, 0xFF, 0xFE, 0x00, 0x0F, 0xFF, 0xFF, 0xE0, 0x00, 0xFF, 0xFF, 0xFE,
  0x00, 0x0F, 0xFF, 0xFF, 0xE0, 0x00, 0xFF, 0xFF, 0xFE, 0x00, 0x0F, 0xFF,
  0xFF, 0xE0, 0x00, 0xFF, 0xFF, 0xFE, 0x00, 0x0F, 0xFF, 0xFF, 0xE0, 0x00,
  0xFF, 0xFF, 0xFE, 0x00, 0x0F, 0xFF, 0xFF, 0xE0, 0x00, 0xFF, 0xFF, 0xFE,
  0x00, 0x0F, 0xFF, 0xFF, 0xE0, 0x00, 0xFF, 0xFF, 0xFE, 0x00, 0x0F, 0xFF,
  0xFF, 0xE0, 0x00, 0xFF, 0xFF, 0xFE, 0x00, 0x0F, 0xFF, 0xFF, 0xE0, 0x00,
  0xFF, 0xFF, 0xFE, 0x00, 0x0F, 0xFF, 0xFF, 0xE0, 0x00, 0xFF, 0xFF, 0xFE,
  0x00, 0x0F, 0xFF, 0xFF, 0xE0, 0x00, 0xFF, 0xFF, 0xFE, 0x00, 0x07, 0xFF,
  0x7F, 0xE0, 0x00, 0x3F, 0xF0, 0xE0, 0x00, 0x00, 0x20, 0x00, 0x00, 0xFE,
  0x00, 0x00, 0x00, 0x0F, 0xFF, 0xE0, 0x00, 0x00, 0x3F, 0xFF, 0xFC, 0x00,
  0x00, 0xFF, 0xFF, 0xFE, 0x00, 0x01, 0xFF, 0xFF, 0xFF, 0x80, 0x07, 0xFF,
  0xFF, 0xFF, 0xC0, 0x0F, 0xFF, 0xFF, 0xFF, 0xE0, 0x0F, 0xFF, 0xFF, 0xFF,
  0xF0, 0x1F, 0xFF, 0xFF, 0xFF, 0xF0, 0x3F, 0xFF, 0xE7, 0xFF, 0xF8, 0x3F,
  0xFF, 0x00, 0xFF, 0xF8, 0x7F, 0xFC, 0x00, 0x7F, 0xFC, 0x7F, 0xFC, 0x00,
  0x3F, 0xFC, 0x7F, 0xF8, 0x00, 0x3F, 0xFE, 0xFF, 0xF8, 0x00, 0x1F, 0xFE,
  0xFF, 0xF0, 0x00, 0x1F, 0xFE, 0xFF, 0xF0, 0x00, 0x1F, 0xFE, 0xFF, 0xF0,
  0x00, 0x1F, 0xFE, 0xFF, 0xF0, 0x00, 0x0F, 0xFE, 0xFF, 0xF0, 0x00, 0x0F,
  0xFF, 0xFF, 0xF0, 0x00, 0x0F, 0xFF, 0xFF, 0xF0, 0x00, 0x0F, 0xFF, 0xFF,
  0xF0, 0x00, 0x1F, 0xFE, 0xFF, 0xF0, 0x00, 0x1F, 0xFE, 0xFF, 0xF0, 0x00,
  0x1F, 0xFE, 0xFF, 0xF0, 0x00, 0x1F, 0xFE, 0xFF, 0xF8, 0x00, 0x3F, 0xFE,
  0x7F, 0xF8, 0x00, 0x3F, 0xFC, 0x7F, 0xFC, 0x00, 0x7F, 0xFC, 0x7F, 0xFE,
  0x00, 0xFF, 0xFC, 0x3F, 0xFF, 0x83, 0xFF, 0xF8, 0x1F, 0xFF, 0xFF, 0xFF,
  0xF8, 0x1F, 0xFF, 0xFF, 0xFF, 0xF0, 0x0F, 0xFF, 0xFF, 0xFF, 0xE0, 0x07,
  0xFF, 0xFF, 0xFF, 0xC0, 0x03, 0xFF, 0xFF, 0xFF, 0x80, 0x01, 0xFF, 0xFF,
  0xFF, 0x00, 0x00, 0x7F, 0xFF, 0xFE, 0x00, 0x00, 0x1F, 0xFF, 0xF8, 0x00,
  0x00, 0x03, 0xFF, 0xC0, 0x00, 0x00, 0x0F, 0xF8, 0x00, 0x00, 0x07, 0xFF,
  0xFC, 0x00, 0x01, 0xFF, 0xFF, 0xFC, 0x00, 0x3F, 0xFF, 0xFF, 0xF8, 0x03,
  0xFF, 0xFF, 0xFF, 0xE0, 0x3F, 0xFF, 0xFF, 0xFF, 0x83, 0xFF, 0xFF, 0xFF,
  0xFE, 0x1F, 0xFF, 0xFF, 0xFF, 0xF8, 0xFF, 0xFF, 0xFF, 0xFF, 0xE7, 0xFF,
  0xF9, 0xFF, 0xFF, 0x3F, 0xFC, 0x01, 0xFF, 0xFD, 0xFF, 0xC0, 0x03, 0xFF,
  0xEF, 0xFE, 0x00, 0x0F, 0xFF, 0x7F, 0xF0, 0x00, 0x7F, 0xFF, 0xFF, 0x80,
  0x01, 0xFF, 0xFF, 0xFC, 0x00, 0x0F, 0xFF, 0xFF, 0xE0, 0x00, 0x7F, 0xFF,
  0xFF, 0x00, 0x03, 0xFF, 0xFF, 0xF8, 0x00, 0x1F, 0xFF, 0xFF, 0xC0, 0x00,
  0xFF, 0xFF, 0xFE, 0x00, 0x07, 0xFF, 0xFF, 0xF0, 0x00, 0x3F, 0xFF, 0xFF,
  0x80, 0x01, 0xFF, 0xFF, 0xFC, 0x00, 0x0F, 0xFF, 0xFF, 0xE0, 0x00, 0x7F,
  0xFF, 0xFF, 0x00, 0x03, 0xFF, 0xFF, 0xF8, 0x00, 0x3F, 0xFF, 0xFF, 0xC0,
  0x01, 0xFF, 0xEF, 0xFE, 0x00, 0x1F, 0xFF, 0x7F, 0xF0, 0x01, 0xFF, 0xFB,
  0xFF, 0xE0, 0x7F, 0xFF, 0x9F, 0xFF, 0xFF, 0xFF, 0xFC, 0xFF, 0xFF, 0xFF,
  0xFF, 0xC7, 0xFF, 0xFF, 0xFF, 0xFC, 0x3F, 0xFF, 0xFF, 0xFF, 0xC1, 0xFF,
  0xFF, 0xFF, 0xFC, 0x0F, 0xFF, 0xFF, 0xFF, 0xC0, 0x7F, 0xFF, 0xFF, 0xFC,
  0x03, 0xFF, 0xFF, 0xFF, 0x80, 0x1F, 0xFC, 0xFF, 0xE0, 0x00, 0xFF, 0xE0,
  0x00, 0x00, 0x07, 0xFF, 0x00, 0x00, 0x00, 0x3F, 0xF8, 0x00, 0x00, 0x01,
  0xFF, 0xC0, 0x00, 0x00, 0x0F, 0xFE, 0x00, 0x00, 0x00, 0x7F, 0xF0, 0x00,
  0x00, 0x03, 0xFF, 0x80, 0x00, 0x00, 0x1F, 0xFC, 0x00, 0x00, 0x00, 0xFF,
  0xE0, 0x00, 0x00, 0x07, 0xFF, 0x00, 0x00, 0x00, 0x3F, 0xF8, 0x00, 0x00,
  0x01, 0xFF, 0xC0, 0x00, 0x00, 0x07, 0xFE, 0x00, 0x00, 0x00, 0x03, 0x80,
  0x00, 0x00, 0x00, 0x00, 0x00, 0x7F, 0x80, 0x00, 0x00, 0x3F, 0xFF, 0xE0,
  0x00, 0x03, 0xFF, 0xFF, 0xF0, 0x00, 0x3F, 0xFF, 0xFF, 0xF0, 0x01, 0xFF,
  0xFF, 0xFF, 0xE0, 0x1F, 0xFF, 0xFF, 0xFF, 0xC0, 0xFF, 0xFF, 0xFF, 0xFF,
  0x83, 0xFF, 0xFF, 0xFF, 0xFE, 0x1F, 0xFF, 0xFF, 0xFF, 0xFC, 0xFF, 0xFF,
  0xCF, 0xFF, 0xF3, 0xFF, 0xF0, 0x03, 0xFF, 0xDF, 0xFF, 0x80, 0x0F, 0xFF,
  0x7F, 0xFC, 0x00, 0x3F, 0xFD, 0xFF, 0xE0, 0x00, 0xFF, 0xFF, 0xFF, 0x80,
  0x03, 0xFF, 0xFF, 0xFC, 0x00, 0x0F, 0xFF, 0xFF, 0xF0, 0x00, 0x3F, 0xFF,
  0xFF, 0xC0, 0x00, 0xFF, 0xFF, 0xFF, 0x00, 0x03, 0xFF, 0xFF, 0xFC, 0x00,
  0x0F, 0xFF, 0xFF, 0xF0, 0x00, 0x3F, 0xFF, 0xFF, 0xC0, 0x00, 0xFF, 0xFF,
  0xFF, 0x00, 0x03, 0xFF, 0xFF, 0xFC, 0x00, 0x0F, 0xFF, 0xFF, 0xF0, 0x00,
  0x3F, 0xFF, 0xFF, 0xC0, 0x00, 0xFF, 0xFF, 0xFF, 0x80, 0x03, 0xFF, 0xDF,
  0xFE, 0x00, 0x0F, 0xFF, 0x7F, 0xFC, 0x00, 0x3F, 0xFD, 0xFF, 0xF8, 0x00,
  0xFF, 0xF3, 0xFF, 0xF8, 0x0F, 0xFF, 0xCF, 0xFF, 0xFF, 0xFF, 0xFF, 0x1F,
  0xFF, 0xFF, 0xFF, 0xFC, 0x3F, 0xFF, 0xFF, 0xFF, 0xF0, 0xFF, 0xFF, 0xFF,
  0xFF, 0xC1, 0xFF, 0xFF, 0xFF, 0xFF, 0x01, 0xFF, 0xFF, 0xFF, 0xFC, 0x03,
  0xFF, 0xFF, 0xFF, 0xF0, 0x03, 0xFF, 0xFF, 0xFF, 0xC0, 0x01, 0xFF, 0xCF,
  0xFF, 0x00, 0x00, 0x00, 0x3F, 0xFC, 0x00, 0x00, 0x00, 0xFF, 0xF0, 0x00,
  0x00, 0x03, 0xFF, 0xC0, 0x00, 0x00, 0x0F, 0xFF, 0x00, 0x00, 0x00, 0x3F,
  0xFC, 0x00, 0x00, 0x00, 0xFF, 0xF0, 0x00, 0x00, 0x03, 0xFF, 0xC0, 0x00,
  0x00, 0x0F, 0xFF, 0x00, 0x00, 0x00, 0x3F, 0xFC, 0x00, 0x00, 0x00, 0xFF,
  0xF0, 0x00, 0x00, 0x03, 0xFF, 0xC0, 0x00, 0x00, 0x07, 0xFF, 0x00, 0x00,
  0x00, 0x1F, 0xFC, 0x00, 0x00, 0x00, 0x1F, 0xC0, 0x00, 0x03, 0xE0, 0x00,
  0x3F, 0xFF, 0x00, 0xFF, 0xFF, 0xC1, 0xFF, 0xFF, 0xF3, 0xFF, 0xFF, 0xFB,
  0xFF, 0xFF, 0xFD, 0xFF, 0xFF, 0xFF, 0xFF, 0xFF, 0xFF, 0xFF, 0xFF, 0xFF,
  0xFF, 0xFF, 0xF7, 0xBF, 0xFE, 0x00, 0x1F, 0xFC, 0x00, 0x0F, 0xFE, 0x00,
  0x07, 0xFF, 0x00, 0x03, 0xFF, 0x80, 0x01, 0xFF, 0xC0, 0x00, 0xFF, 0xE0,
  0x00, 0x7F, 0xF0, 0x00, 0x3F, 0xF8, 0x00, 0x1F, 0xFC, 0x00, 0x0F, 0xFE,
  0x00, 0x07, 0xFF, 0x00, 0x03, 0xFF, 0x80, 0x01, 0xFF, 0xC0, 0x00, 0xFF,
  0xE0, 0x00, 0x7F, 0xF0, 0x00, 0x3F, 0xF8, 0x00, 0x1F, 0xFC, 0x00, 0x0F,
  0xFE, 0x00, 0x07, 0xFF, 0x00, 0x03, 0xFF, 0x80, 0x01, 0xFF, 0xC0, 0x00,
  0xFF, 0xE0, 0x00, 0x7F, 0xF0, 0x00, 0x3F, 0xF8, 0x00, 0x1F, 0xFC, 0x00,
  0x0F, 0xFE, 0x00, 0x07, 0xFF, 0x00, 0x01, 0xFF, 0x80, 0x00, 0x1C, 0x00,
  0x00, 0x00, 0x0F, 0xFC, 0x00, 0x00, 0xFF, 0xFF, 0xC0, 0x03, 0xFF, 0xFF,
  0xF0, 0x07, 0xFF, 0xFF, 0xF8, 0x1F, 0xFF, 0xFF, 0xFC, 0x1F, 0xFF, 0xFF,
  0xFC, 0x3F, 0xFF, 0xFF, 0xFC, 0x7F, 0xFF, 0xFF, 0xFC, 0x7F, 0xFF, 0xFF,
  0xFC, 0x7F, 0xFC, 0x03, 0xFC, 0xFF, 0xF0, 0x00, 0x78, 0xFF, 0xF0, 0x00,
  0x10, 0xFF, 0xF0, 0x00, 0x00, 0xFF, 0xF0, 0x00, 0x00, 0x7F, 0xFC, 0x00,
  0x00, 0x7F, 0xFF, 0x80, 0x00, 0x7F, 0xFF, 0xF8, 0x00, 0x3F, 0xFF, 0xFF,
  0x00, 0x3F, 0xFF, 0xFF, 0xC0, 0x1F, 0xFF, 0xFF, 0xF0, 0x0F, 0xFF, 0xFF,
  0xF8, 0x03, 0xFF, 0xFF, 0xFC, 0x00, 0xFF, 0xFF, 0xFE, 0x00, 0x1F, 0xFF,
  0xFE, 0x00, 0x01, 0xFF, 0xFF, 0x00, 0x00, 0x1F, 0xFF, 0x00, 0x00, 0x0F,
  0xFF, 0x00, 0x00, 0x0F, 0xFF, 0x30, 0x00, 0x0F, 0xFF, 0x7C, 0x00, 0x0F,
  0xFF, 0x7F, 0x80, 0x1F, 0xFF, 0x7F, 0xFF, 0xFF, 0xFF, 0xFF, 0xFF, 0xFF,
  0xFE, 0xFF, 0xFF, 0xFF, 0xFE, 0x7F, 0xFF, 0xFF, 0xFC, 0x7F, 0xFF, 0xFF,
  0xF8, 0x3F, 0xFF, 0xFF, 0xF0, 0x1F, 0xFF, 0xFF, 0xE0, 0x07, 0xFF, 0xFF,
  0x80, 0x00, 0xFF, 0xFC, 0x00, 0x1C, 0x00, 0x01, 0xFF, 0x80, 0x03, 0xFF,
  0x00, 0x07, 0xFF, 0x00, 0x0F, 0xFE, 0x00, 0x1F, 0xFC, 0x00, 0x3F, 0xF8,
  0x00, 0x7F, 0xF0, 0x00, 0xFF, 0xE0, 0x01, 0xFF, 0xC0, 0x03, 0xFF, 0x80,
  0x07, 0xFF, 0xFF, 0xEF, 0xFF, 0xFF, 0xFF, 0xFF, 0xFF, 0xFF, 0xFF, 0xFF,
  0xFF, 0xFF, 0xFF, 0xFF, 0xFF, 0xFF, 0xFF, 0xFF, 0xFF, 0xFF, 0xFF, 0xFF,
  0xFF, 0xFF, 0xEF, 0xFE, 0x00, 0x1F, 0xFC, 0x00, 0x3F, 0xF8, 0x00, 0x7F,
  0xF0, 0x00, 0xFF, 0xE0, 0x01, 0xFF, 0xC0, 0x03, 0xFF, 0x80, 0x07, 0xFF,
  0x00, 0x0F, 0xFE, 0x00, 0x1F, 0xFC, 0x00, 0x3F, 0xF8, 0x00, 0x7F, 0xF0,
  0x00, 0xFF, 0xE0, 0x01, 0xFF, 0xC0, 0x03, 0xFF, 0x80, 0x07, 0xFF, 0x00,
  0x0F, 0xFE, 0x00, 0x1F, 0xFC, 0x00, 0x3F, 0xFC, 0x00, 0x7F, 0xFE, 0x06,
  0xFF, 0xFF, 0xFD, 0xFF, 0xFF, 0xFD, 0xFF, 0xFF, 0xFB, 0xFF, 0xFF, 0xF3,
  0xFF, 0xFF, 0xE7, 0xFF, 0xFF, 0xC3, 0xFF, 0xFF, 0x03, 0xFF, 0xFC, 0x00,
  0xFF, 0xE0, 0xFF, 0x80, 0x00, 0xFF, 0x8F, 0xFC, 0x00, 0x0F, 0xFC, 0xFF,
  0xE0, 0x00, 0xFF, 0xEF, 0xFE, 0x00, 0x0F, 0xFE, 0xFF, 0xE0, 0x00, 0xFF,
  0xEF, 0xFE, 0x00, 0x0F, 0xFF, 0xFF, 0xE0, 0x00, 0xFF, 0xFF, 0xFE, 0x00,
  0x0F, 0xFF, 0xFF, 0xE0, 0x00, 0xFF, 0xFF, 0xFE, 0x00, 0x0F, 0xFF, 0xFF,
  0xE0, 0x00, 0xFF, 0xFF, 0xFE, 0x00, 0x0F, 0xFF, 0xFF, 0xE0, 0x00, 0xFF,
  0xFF, 0xFE, 0x00, 0x0F, 0xFF, 0xFF, 0xE0, 0x00, 0xFF, 0xFF, 0xFE, 0x00,
  0x0F, 0xFF, 0xFF, 0xE0, 0x00, 0xFF, 0xFF, 0xFE, 0x00, 0x0F, 0xFF, 0xFF,
  0xE0, 0x00, 0xFF, 0xFF, 0xFE, 0x00, 0x0F, 0xFF, 0xFF, 0xE0, 0x00, 0xFF,
  0xFF, 0xFE, 0x00, 0x0F, 0xFF, 0xFF, 0xE0, 0x00, 0xFF, 0xFF, 0xFE, 0x00,
  0x0F, 0xFF, 0xFF, 0xE0, 0x00, 0xFF, 0xFF, 0xFE, 0x00, 0x0F, 0xFF, 0xFF,
  0xF0, 0x00, 0xFF, 0xFF, 0xFF, 0x00, 0x0F, 0xFF, 0xFF, 0xF8, 0x00, 0xFF,
  0xFF, 0xFF, 0xE0, 0x3F, 0xFF, 0x7F, 0xFF, 0xFF, 0xFF, 0xF7, 0xFF, 0xFF,
  0xFF, 0xFE, 0x3F, 0xFF, 0xFF, 0xFF, 0xE1, 0xFF, 0xFF, 0xFF, 0xFE, 0x0F,
  0xFF, 0xFF, 0xFF, 0xC0, 0x7F, 0xFF, 0xFF, 0xF8, 0x03, 0xFF, 0xFF, 0xFE,
  0x00, 0x0F, 0xFF, 0xFF, 0x80, 0x00, 0x1F, 0xFF, 0x80, 0x00, 0x3F, 0xC0,
  0x00, 0x1F, 0xF3, 0xFF, 0x80, 0x00, 0xFF, 0xEF, 0xFE, 0x00, 0x03, 0xFF,
  0xBF, 0xFC, 0x00, 0x0F, 0xFF, 0xFF, 0xF0, 0x00, 0x3F, 0xFD, 0xFF, 0xC0,
  0x00, 0xFF, 0xF7, 0xFF, 0x80, 0x07, 0xFF, 0x9F, 0xFE, 0x00, 0x1F, 0xFE,
  0x3F, 0xF8, 0x00, 0x7F, 0xF8, 0xFF, 0xF0, 0x01, 0xFF, 0xE3, 0xFF, 0xC0,
  0x0F, 0xFF, 0x0F, 0xFF, 0x00, 0x3F, 0xFC, 0x1F, 0xFC, 0x00, 0xFF, 0xF0,
  0x7F, 0xF8, 0x03, 0xFF, 0x81, 0xFF, 0xE0, 0x1F, 0xFE, 0x03, 0xFF, 0x80,
  0x7F, 0xF8, 0x0F, 0xFF, 0x01, 0xFF, 0xC0, 0x1F, 0xFC, 0x0F, 0xFF, 0x00,
  0x7F, 0xF0, 0x3F, 0xFC, 0x01, 0xFF, 0xC0, 0xFF, 0xE0, 0x03, 0xFF, 0x83,
  0xFF, 0x80, 0x0F, 0xFE, 0x1F, 0xFE, 0x00, 0x3F, 0xF8, 0x7F, 0xF0, 0x00,
  0x7F, 0xF1, 0xFF, 0xC0, 0x01, 0xFF, 0xC7, 0xFF, 0x00, 0x07, 0xFF, 0x3F,
  0xF8, 0x00, 0x0F, 0xFC, 0xFF, 0xE0, 0x00, 0x3F, 0xFB, 0xFF, 0x00, 0x00,
  0x7F, 0xFF, 0xFC, 0x00, 0x01, 0xFF, 0xFF, 0xF0, 0x00, 0x07, 0xFF, 0xFF,
  0x80, 0x00, 0x0F, 0xFF, 0xFE, 0x00, 0x00, 0x3F, 0xFF, 0xF0, 0x00, 0x00,
  0x7F, 0xFF, 0xC0, 0x00, 0x01, 0xFF, 0xFE, 0x00, 0x00, 0x03, 0xFF, 0xF8,
  0x00, 0x00, 0x0F, 0xFF, 0xC0, 0x00, 0x00, 0x1F, 0xFE, 0x00, 0x00, 0x00,
  0x0F, 0xC0, 0x00, 0x00, 0x3F, 0xC0, 0x00, 0x00, 0x00, 0x01, 0xFE, 0x3F,
  0xF0, 0x00, 0x00, 0x00, 0x01, 0xFF, 0xBF, 0xF8, 0x00, 0x00, 0x00, 0x01,
  0xFF, 0xDF, 0xFE, 0x00, 0x1F, 0xF0, 0x00, 0xFF, 0xE7, 0xFF, 0x00, 0x1F,
  0xFC, 0x00, 0x7F, 0xFB, 0xFF, 0x80, 0x1F, 0xFF, 0x00, 0x3F, 0xF9, 0xFF,
  0xC0, 0x0F, 0xFF, 0x80, 0x1F, 0xFC, 0xFF, 0xE0, 0x07, 0xFF, 0xE0, 0x0F,
  0xFE, 0x7F, 0xF8, 0x07, 0xFF, 0xF0, 0x07, 0xFF, 0x3F, 0xFC, 0x03, 0xFF,
  0xF8, 0x03, 0xFF, 0x8F, 0xFE, 0x01, 0xFF, 0xFC, 0x03, 0xFF, 0xC7, 0xFF,
  0x00, 0xFF, 0xFF, 0x01, 0xFF, 0xC3, 0xFF, 0x80, 0xFF, 0xFF, 0x80, 0xFF,
  0xE1, 0xFF, 0xC0, 0x7F, 0xFF, 0xC0, 0x7F, 0xF0, 0x7F, 0xF0, 0x3F, 0xFF,
  0xF0, 0x3F, 0xF8, 0x3F, 0xF8, 0x1F, 0xFF, 0xF8, 0x1F, 0xFC, 0x1F, 0xFC,
  0x1F, 0xF7, 0xFC, 0x1F, 0xFC, 0x0F, 0xFE, 0x0F, 0xFB, 0xFE, 0x0F, 0xFE,
  0x07, 0xFF, 0x07, 0xFD, 0xFF, 0x87, 0xFF, 0x01, 0xFF, 0x87, 0xFE, 0x7F,
  0xC3, 0xFF, 0x80, 0xFF, 0xE3, 0xFE, 0x3F, 0xE1, 0xFF, 0x80, 0x7F, 0xF1,
  0xFF, 0x1F, 0xF0, 0xFF, 0xC0, 0x3F, 0xF8, 0xFF, 0x8F, 0xFC, 0xFF, 0xE0,
  0x0F, 0xFC, 0xFF, 0xC3, 0xFE, 0x7F, 0xF0, 0x07, 0xFE, 0x7F, 0xC1, 0xFF,
  0x3F, 0xF0, 0x03, 0xFF, 0x3F, 0xE0, 0xFF, 0xDF, 0xF8, 0x01, 0xFF, 0xDF,
  0xF0, 0x3F, 0xEF, 0xFC, 0x00, 0x7F, 0xFF, 0xF0, 0x1F, 0xF7, 0xFE, 0x00,
  0x3F, 0xFF, 0xF8, 0x0F, 0xFF, 0xFE, 0x00, 0x1F, 0xFF, 0xFC, 0x03, 0xFF,
  0xFF, 0x00, 0x07, 0xFF, 0xFC, 0x01, 0xFF, 0xFF, 0x80, 0x03, 0xFF, 0xFE,
  0x00, 0xFF, 0xFF, 0x80, 0x01, 0xFF, 0xFF, 0x00, 0x3F, 0xFF, 0xC0, 0x00,
  0xFF, 0xFF, 0x00, 0x1F, 0xFF, 0xE0, 0x00, 0x3F, 0xFF, 0x80, 0x0F, 0xFF,
  0xF0, 0x00, 0x1F, 0xFF, 0xC0, 0x03, 0xFF, 0xF0, 0x00, 0x07, 0xFF, 0xC0,
  0x01, 0xFF, 0xF8, 0x00, 0x01, 0xFF, 0xE0, 0x00, 0x7F, 0xF8, 0x00, 0x00,
  0x1F, 0x80, 0x00, 0x07, 0xC0, 0x00, 0x0F, 0x80, 0x00, 0x1F, 0x83, 0xFE,
  0x00, 0x03, 0xFC, 0x3F, 0xE0, 0x00, 0x3F, 0xE7, 0xFF, 0x00, 0x07, 0xFF,
  0x7F, 0xF8, 0x00, 0xFF, 0xFF, 0xFF, 0xC0, 0x1F, 0xFF, 0x7F, 0xFE, 0x01,
  0xFF, 0xF3, 0xFF, 0xE0, 0x3F, 0xFE, 0x1F, 0xFF, 0x07, 0xFF, 0xE1, 0xFF,
  0xF8, 0xFF, 0xFC, 0x0F, 0xFF, 0xCF, 0xFF, 0x80, 0x7F, 0xFD, 0xFF, 0xF0,
  0x03, 0xFF, 0xFF, 0xFE, 0x00, 0x1F, 0xFF, 0xFF, 0xC0, 0x00, 0xFF, 0xFF,
  0xFC, 0x00, 0x0F, 0xFF, 0xFF, 0x80, 0x00, 0x7F, 0xFF, 0xF0, 0x00, 0x03,
  0xFF, 0xFE, 0x00, 0x00, 0x1F, 0xFF, 0xC0, 0x00, 0x03, 0xFF, 0xFC, 0x00,
  0x00, 0x3F, 0xFF, 0xE0, 0x00, 0x07, 0xFF, 0xFE, 0x00, 0x00, 0xFF, 0xFF,
  0xF0, 0x00, 0x1F, 0xFF, 0xFF, 0x80, 0x03, 0xFF, 0xFF, 0xFC, 0x00, 0x7F,
  0xFF, 0xFF, 0xE0, 0x0F, 0xFF, 0xFF, 0xFE, 0x00, 0xFF, 0xF9, 0xFF, 0xF0,
  0x1F, 0xFF, 0x1F, 0xFF, 0x83, 0xFF, 0xE0, 0xFF, 0xFC, 0x7F, 0xFE, 0x07,
  0xFF, 0xC7, 0xFF, 0xC0, 0x7F, 0xFE, 0x7F, 0xF8, 0x03, 0xFF, 0xFF, 0xFF,
  0x80, 0x1F, 0xFF, 0xFF, 0xF0, 0x00, 0xFF, 0xF7, 0xFE, 0x00, 0x0F, 0xFF,
  0x3F, 0xC0, 0x00, 0x7F, 0xE1, 0xFC, 0x00, 0x03, 0xFC, 0x07, 0x80, 0x00,
  0x07, 0x00, 0x3F, 0xC0, 0x00, 0x0F, 0xF3, 0xFF, 0x80, 0x00, 0x7F, 0xEF,
  0xFE, 0x00, 0x01, 0xFF, 0xFF, 0xFC, 0x00, 0x0F, 0xFF, 0xFF, 0xF0, 0x00,
  0x3F, 0xFD, 0xFF, 0xC0, 0x00, 0xFF, 0xF7, 0xFF, 0x80, 0x03, 0xFF, 0xDF,
  0xFE, 0x00, 0x0F, 0xFF, 0x3F, 0xF8, 0x00, 0x7F, 0xF8, 0xFF, 0xF0, 0x01,
  0xFF, 0xE3, 0xFF, 0xC0, 0x07, 0xFF, 0x8F, 0xFF, 0x00, 0x1F, 0xFE, 0x1F,
  0xFE, 0x00, 0xFF, 0xF8, 0x7F, 0xF8, 0x03, 0xFF, 0xC1, 0xFF, 0xE0, 0x0F,
  0xFF, 0x03, 0xFF, 0xC0, 0x3F, 0xFC, 0x0F, 0xFF, 0x01, 0xFF, 0xF0, 0x3F,
  0xFC, 0x07, 0xFF, 0x80, 0x7F, 0xF8, 0x1F, 0xFE, 0x01, 0xFF, 0xE0, 0xFF,
  0xF8, 0x07, 0xFF, 0x83, 0xFF, 0xC0, 0x0F, 0xFF, 0x0F, 0xFF, 0x00, 0x3F,
  0xFC, 0x7F, 0xFC, 0x00, 0x7F, 0xF1, 0xFF, 0xE0, 0x01, 0xFF, 0xE7, 0xFF,
  0x80, 0x07, 0xFF, 0xBF, 0xFC, 0x00, 0x0F, 0xFE, 0xFF, 0xF0, 0x00, 0x3F,
  0xFF, 0xFF, 0xC0, 0x00, 0x7F, 0xFF, 0xFE, 0x00, 0x01, 0xFF, 0xFF, 0xF8,
  0x00, 0x03, 0xFF, 0xFF, 0xC0, 0x00, 0x0F, 0xFF, 0xFF, 0x00, 0x00, 0x1F,
  0xFF, 0xF8, 0x00, 0x00, 0x3F, 0xFF, 0xE0, 0x00, 0x00, 0x7F, 0xFF, 0x80,
  0x00, 0x00, 0x7F, 0xFC, 0x00, 0x00, 0x03, 0xFF, 0xF0, 0x00, 0x00, 0x1F,
  0xFF, 0x80, 0x00, 0x00, 0x7F, 0xFC, 0x00, 0x00, 0x03, 0xFF, 0xF0, 0x00,
  0x00, 0x1F, 0xFF, 0x80, 0x00, 0x00, 0xFF, 0xFE, 0x00, 0x00, 0x07, 0xFF,
  0xF0, 0x00, 0x00, 0x3F, 0xFF, 0x80, 0x00, 0x01, 0xFF, 0xFE, 0x00, 0x00,
  0x0F, 0xFF, 0xF0, 0x00, 0x00, 0x7F, 0xFF, 0x80, 0x00, 0x01, 0xFF, 0xFC,
  0x00, 0x00, 0x07, 0xFF, 0xE0, 0x00, 0x00, 0x0F, 0xFF, 0x00, 0x00, 0x00,
  0x3F, 0xF8, 0x00, 0x00, 0x00, 0x3F, 0xC0, 0x00, 0x00, 0x00, 0x3C, 0x00,
  0x00, 0x00, 0x0F, 0xFF, 0xFF, 0xF8, 0x7F, 0xFF, 0xFF, 0xFC, 0x7F, 0xFF,
  0xFF, 0xFE, 0xFF, 0xFF, 0xFF, 0xFE, 0xFF, 0xFF, 0xFF, 0xFE, 0xFF, 0xFF,
  0xFF, 0xFE, 0xFF, 0xFF, 0xFF, 0xFE, 0x7F, 0xFF, 0xFF, 0xFE, 0x7F, 0xFF,
  0xFF, 0xFE, 0x00, 0x00, 0x7F, 0xFC, 0x00, 0x00, 0xFF, 0xF8, 0x00, 0x00,
  0xFF, 0xF8, 0x00, 0x01, 0xFF, 0xF0, 0x00, 0x03, 0xFF, 0xE0, 0x00, 0x07,
  0xFF, 0xC0, 0x00, 0x0F, 0xFF, 0x80, 0x00, 0x1F, 0xFF, 0x80, 0x00, 0x1F,
  0xFF, 0x00, 0x00, 0x3F, 0xFE, 0x00, 0x00, 0x7F, 0xFC, 0x00, 0x00, 0xFF,
  0xF8, 0x00, 0x01, 0xFF, 0xF0, 0x00, 0x03, 0xFF, 0xF0, 0x00, 0x03, 0xFF,
  0xE0, 0x00, 0x07, 0xFF, 0xC0, 0x00, 0x0F, 0xFF, 0x80, 0x00, 0x1F, 0xFF,
  0x00, 0x00, 0x3F, 0xFF, 0x00, 0x00, 0x7F, 0xFE, 0x00, 0x00, 0x7F, 0xFF,
  0xFF, 0xFE, 0xFF, 0xFF, 0xFF, 0xFF, 0xFF, 0xFF, 0xFF, 0xFF, 0xFF, 0xFF,
  0xFF, 0xFF, 0xFF, 0xFF, 0xFF, 0xFF, 0xFF, 0xFF, 0xFF, 0xFF, 0xFF, 0xFF,
  0xFF, 0xFF, 0x7F, 0xFF, 0xFF, 0xFE, 0x3F, 0xFF, 0xFF, 0xFC, 0x00, 0x07,
  0xC0, 0x01, 0xFF, 0x80, 0x1F, 0xFE, 0x01, 0xFF, 0xF0, 0x1F, 0xFF, 0x80,
  0xFF, 0xFC, 0x07, 0xFF, 0xE0, 0x7F, 0xFF, 0x03, 0xFF, 0xE0, 0x1F, 0xFE,
  0x00, 0xFF, 0xE0, 0x07, 0xFF, 0x00, 0x3F, 0xF8, 0x01, 0xFF, 0xC0, 0x0F,
  0xFE, 0x00, 0x7F, 0xF0, 0x03, 0xFF, 0x80, 0x1F, 0xFC, 0x00, 0xFF, 0xE0,
  0x07, 0xFF, 0x00, 0x3F, 0xF8, 0x01, 0xFF, 0xC0, 0x0F, 0xFE, 0x00, 0xFF,
  0xF0, 0x07, 0xFF, 0x00, 0x7F, 0xF8, 0x0F, 0xFF, 0xC0, 0xFF, 0xFE, 0x0F,
  0xFF, 0xE0, 0x7F, 0xFE, 0x03, 0xFF, 0xE0, 0x1F, 0xFF, 0x00, 0xFF, 0xFC,
  0x07, 0xFF, 0xF0, 0x1F, 0xFF, 0xC0, 0x7F, 0xFE, 0x00, 0xFF, 0xF0, 0x03,
  0xFF, 0x80, 0x1F, 0xFE, 0x00, 0x7F, 0xF0, 0x03, 0xFF, 0x80, 0x1F, 0xFC,
  0x00, 0xFF, 0xE0, 0x07, 0xFF, 0x00, 0x3F, 0xF8, 0x01, 0xFF, 0xC0, 0x0F,
  0xFE, 0x00, 0x7F, 0xF0, 0x03, 0xFF, 0x80, 0x1F, 0xFC, 0x00, 0xFF, 0xE0,
  0x07, 0xFF, 0x00, 0x3F, 0xF8, 0x01, 0xFF, 0xE0, 0x0F, 0xFF, 0xE0, 0x7F,
  0xFF, 0x01, 0xFF, 0xF8, 0x0F, 0xFF, 0xC0, 0x3F, 0xFE, 0x00, 0xFF, 0xF0,
  0x03, 0xFF, 0x00, 0x0F, 0xF0, 0x08, 0x3F, 0xCF, 0xFB, 0xFF, 0xFF, 0xFF,
  0xFF, 0xFF, 0xFF, 0xFF, 0xFF, 0xFF, 0xFF, 0xFF, 0xFF, 0xFF, 0xFF, 0xFF,
  0xFF, 0xFF, 0xFF, 0xFF, 0xFF, 0xFF, 0xFF, 0xFF, 0xFF, 0xFF, 0xFF, 0xFF,
  0xFF, 0xFF, 0xFF, 0xFF, 0xFF, 0xFF, 0xFF, 0xFF, 0xFF, 0xFF, 0xFF, 0xFF,
  0xFF, 0xFF, 0xFF, 0xFF, 0xFF, 0xFF, 0xFF, 0xFF, 0xFF, 0xFF, 0xFF, 0xFF,
  0xFF, 0xFF, 0xFF, 0xFF, 0xFF, 0xFF, 0xFF, 0xFF, 0xFF, 0xFF, 0xFF, 0xFF,
  0xFF, 0xFF, 0xFF, 0xFF, 0xFF, 0xFF, 0xFF, 0xFF, 0xFF, 0xFF, 0xFF, 0xFF,
  0xFF, 0xFF, 0xFF, 0xFF, 0xFC, 0xFF, 0x1F, 0x80, 0x01, 0xFF, 0x00, 0x1F,
  0xFC, 0x01, 0xFF, 0xF0, 0x0F, 0xFF, 0xC0, 0x7F, 0xFE, 0x03, 0xFF, 0xF8,
  0x1F, 0xFF, 0xC0, 0x3F, 0xFE, 0x00, 0x7F, 0xF0, 0x03, 0xFF, 0x80, 0x1F,
  0xFC, 0x00, 0x7F, 0xE0, 0x03, 0xFF, 0x00, 0x1F, 0xF8, 0x00, 0xFF, 0xC0,
  0x07, 0xFE, 0x00, 0x3F, 0xF0, 0x01, 0xFF, 0x80, 0x0F, 0xFC, 0x00, 0x7F,
  0xE0, 0x03, 0xFF, 0x80, 0x1F, 0xFC, 0x00, 0xFF, 0xE0, 0x07, 0xFF, 0x80,
  0x3F, 0xFE, 0x01, 0xFF, 0xF8, 0x07, 0xFF, 0xF0, 0x3F, 0xFF, 0x80, 0xFF,
  0xFC, 0x03, 0xFF, 0xE0, 0x1F, 0xFF, 0x01, 0xFF, 0xF8, 0x1F, 0xFF, 0xC0,
  0xFF, 0xFE, 0x0F, 0xFF, 0xC0, 0x7F, 0xFC, 0x03, 0xFF, 0xC0, 0x1F, 0xFC,
  0x00, 0xFF, 0xE0, 0x07, 0xFF, 0x00, 0x3F, 0xF0, 0x01, 0xFF, 0x80, 0x0F,
  0xFC, 0x00, 0x7F, 0xE0, 0x03, 0xFF, 0x00, 0x1F, 0xF8, 0x00, 0xFF, 0xC0,
  0x07, 0xFE, 0x00, 0x3F, 0xF0, 0x01, 0xFF, 0x80, 0x1F, 0xFC, 0x00, 0xFF,
  0xE0, 0x0F, 0xFF, 0x01, 0xFF, 0xF8, 0x1F, 0xFF, 0xC0, 0xFF, 0xFE, 0x07,
  0xFF, 0xE0, 0x3F, 0xFF, 0x00, 0xFF, 0xF0, 0x07, 0xFF, 0x00, 0x0F, 0xE0,
  0x00, 0x03, 0xE0, 0x00, 0x1E, 0x03, 0xFF, 0xE0, 0x03, 0xF0, 0xFF, 0xFF,
  0x80, 0xFF, 0x3F, 0xFF, 0xFF, 0xFF, 0xEF, 0xFF, 0xFF, 0xFF, 0xFF, 0xFF,
  0xFF, 0xFF, 0xFF, 0xFF, 0xFF, 0xFF, 0xFF, 0xFF, 0xFF, 0xFF, 0xFF, 0xFF,
  0xFF, 0xFF, 0xFF, 0xFF, 0xFF, 0xFF, 0xFF, 0xFF, 0xFB, 0xFF, 0xFF, 0xFF,
  0xFF, 0x3F, 0xC0, 0x7F, 0xFF, 0xC3, 0xF0, 0x01, 0xFF, 0xE0, 0x3C, 0x00,
  0x01, 0xC0, 0x00 };

const GFXglyph Baloo2_Bold40pt7bGlyphs[] PROGMEM = {
  {     0,   1,   1,  16,    0,    0 },   // 0x20 ' '
  {     1,  14,  51,  22,    4,  -49 },   // 0x21 '!'
  {    91,  25,  20,  29,    2,  -49 },   // 0x22 '"'
  {   154,  50,  48,  55,    3,  -47 },   // 0x23 '#'
  {   454,  36,  62,  43,    4,  -54 },   // 0x24 '$'
  {   733,  56,  49,  62,    3,  -47 },   // 0x25 '%'
  {  1076,  47,  50,  52,    3,  -48 },   // 0x26 '&'
  {  1370,  11,  20,  16,    2,  -49 },   // 0x27 '''
  {  1398,  19,  62,  23,    4,  -51 },   // 0x28 '('
  {  1546,  19,  62,  23,    0,  -51 },   // 0x29 ')'
  {  1694,  23,  23,  27,    2,  -50 },   // 0x2A '*'
  {  1761,  37,  38,  43,    3,  -41 },   // 0x2B '+'
  {  1937,  16,  22,  17,   -1,  -12 },   // 0x2C ','
  {  1981,  23,  10,  28,    3,  -24 },   // 0x2D '-'
  {  2010,  13,  14,  17,    2,  -12 },   // 0x2E '.'
  {  2033,  25,  64,  26,    1,  -54 },   // 0x2F '/'
  {  2233,  41,  50,  47,    3,  -48 },   // 0x30 '0'
  {  2490,  23,  49,  30,    1,  -47 },   // 0x31 '1'
  {  2631,  34,  49,  41,    3,  -48 },   // 0x32 '2'
  {  2840,  35,  50,  40,    2,  -48 },   // 0x33 '3'
  {  3059,  43,  49,  46,    2,  -47 },   // 0x34 '4'
  {  3323,  35,  49,  41,    4,  -47 },   // 0x35 '5'
  {  3538,  38,  50,  44,    3,  -48 },   // 0x36 '6'
  {  3776,  34,  49,  37,    2,  -47 },   // 0x37 '7'
  {  3985,  38,  50,  44,    3,  -48 },   // 0x38 '8'
  {  4223,  38,  50,  44,    3,  -48 },   // 0x39 '9'
  {  4461,  14,  39,  19,    3,  -37 },   // 0x3A ':'
  {  4530,  17,  47,  20,    0,  -37 },   // 0x3B ';'
  {  4630,  33,  37,  38,    3,  -40 },   // 0x3C '<'
  {  4783,  34,  26,  40,    3,  -35 },   // 0x3D '='
  {  4894,  33,  37,  38,    2,  -40 },   // 0x3E '>'
  {  5047,  33,  51,  38,    2,  -49 },   // 0x3F '?'
  {  5258,  75,  70,  82,    4,  -51 },   // 0x40 '@'
  {  5915,  45,  49,  48,    2,  -47 },   // 0x41 'A'
  {  6191,  39,  50,  48,    6,  -48 },   // 0x42 'B'
  {  6435,  39,  50,  45,    3,  -48 },   // 0x43 'C'
  {  6679,  43,  50,  52,    6,  -48 },   // 0x44 'D'
  {  6948,  33,  47,  43,    6,  -46 },   // 0x45 'E'
  {  7142,  33,  48,  41,    6,  -46 },   // 0x46 'F'
  {  7340,  44,  50,  52,    3,  -48 },   // 0x47 'G'
  {  7615,  41,  49,  52,    6,  -47 },   // 0x48 'H'
  {  7867,  11,  49,  23,    6,  -47 },   // 0x49 'I'
  {  7935,  24,  49,  32,    2,  -47 },   // 0x4A 'J'
  {  8082,  40,  49,  47,    6,  -47 },   // 0x4B 'K'
  {  8327,  32,  48,  40,    6,  -47 },   // 0x4C 'L'
  {  8519,  53,  49,  62,    5,  -47 },   // 0x4D 'M'
  {  8844,  41,  49,  53,    6,  -47 },   // 0x4E 'N'
  {  9096,  49,  50,  55,    3,  -48 },   // 0x4F 'O'
  {  9403,  37,  50,  45,    6,  -48 },   // 0x50 'P'
  {  9635,  51,  61,  55,    3,  -48 },   // 0x51 'Q'
  { 10024,  39,  50,  47,    6,  -48 },   // 0x52 'R'
  { 10268,  37,  50,  43,    3,  -48 },   // 0x53 'S'
  { 10500,  39,  48,  43,    2,  -46 },   // 0x54 'T'
  { 10734,  41,  49,  52,    5,  -47 },   // 0x55 'U'
  { 10986,  45,  49,  49,    2,  -47 },   // 0x56 'V'
  { 11262,  62,  49,  67,    2,  -47 },   // 0x57 'W'
  { 11642,  43,  49,  47,    2,  -47 },   // 0x58 'X'
  { 11906,  42,  49,  44,    1,  -47 },   // 0x59 'Y'
  { 12164,  38,  48,  44,    3,  -47 },   // 0x5A 'Z'
  { 12392,  19,  61,  23,    4,  -50 },   // 0x5B '['
  { 12537,  25,  57,  28,    1,  -51 },   // 0x5C '\'
  { 12716,  19,  61,  24,    0,  -50 },   // 0x5D ']'
  { 12861,  32,  27,  38,    3,  -51 },   // 0x5E '^'
  { 12969,  39,   9,  39,    0,    5 },   // 0x5F '_'
  { 13013,  17,  16,  24,    2,  -56 },   // 0x60 '`'
  { 13047,  35,  40,  42,    2,  -38 },   // 0x61 'a'
  { 13222,  38,  53,  45,    5,  -51 },   // 0x62 'b'
  { 13474,  32,  40,  38,    3,  -38 },   // 0x63 'c'
  { 13634,  38,  53,  45,    3,  -51 },   // 0x64 'd'
  { 13886,  37,  40,  42,    3,  -38 },   // 0x65 'e'
  { 14071,  27,  54,  33,    5,  -52 },   // 0x66 'f'
  { 14254,  36,  55,  44,    3,  -38 },   // 0x67 'g'
  { 14502,  36,  53,  45,    5,  -51 },   // 0x68 'h'
  { 14741,  13,  56,  21,    4,  -54 },   // 0x69 'i'
  { 14832,  17,  70,  22,    0,  -54 },   // 0x6A 'j'
  { 14981,  35,  53,  42,    5,  -51 },   // 0x6B 'k'
  { 15213,  12,  53,  22,    5,  -51 },   // 0x6C 'l'
  { 15293,  56,  40,  66,    5,  -38 },   // 0x6D 'm'
  { 15573,  36,  40,  45,    5,  -38 },   // 0x6E 'n'
  { 15753,  40,  40,  45,    3,  -38 },   // 0x6F 'o'
  { 15953,  37,  54,  45,    5,  -38 },   // 0x70 'p'
  { 16203,  38,  54,  45,    3,  -38 },   // 0x71 'q'
  { 16460,  25,  40,  32,    5,  -38 },   // 0x72 'r'
  { 16585,  32,  40,  38,    3,  -38 },   // 0x73 's'
  { 16745,  23,  49,  31,    5,  -47 },   // 0x74 't'
  { 16886,  36,  39,  45,    5,  -37 },   // 0x75 'u'
  { 17062,  38,  39,  42,    2,  -37 },   // 0x76 'v'
  { 17248,  57,  39,  61,    2,  -37 },   // 0x77 'w'
  { 17526,  36,  39,  40,    2,  -37 },   // 0x78 'x'
  { 17702,  38,  53,  42,    2,  -37 },   // 0x79 'y'
  { 17954,  32,  38,  37,    3,  -37 },   // 0x7A 'z'
  { 18106,  21,  62,  25,    2,  -51 },   // 0x7B '{'
  { 18269,  10,  68,  21,    6,  -53 },   // 0x7C '|'
  { 18354,  21,  62,  25,    2,  -51 },   // 0x7D '}'
  { 18517,  35,  14,  38,    2,  -26 } }; // 0x7E '~'

const GFXfont Baloo2_Bold40pt7b PROGMEM = {
  (uint8_t  *)Baloo2_Bold40pt7bBitmaps,
  (GFXglyph *)Baloo2_Bold40pt7bGlyphs,
  0x20, 0x7E, 125 };

// Approx. 19251 bytes
